Order Date,Category,Sales
8/11/2017,Furniture,261.96
8/11/2017,Furniture,731.94
12/6/2017,Office Supplies,14.62
11/10/2016,Furniture,957.5775
11/10/2016,Office Supplies,22.368
9/6/2015,Furniture,48.86
9/6/2015,Office Supplies,7.28
9/6/2015,Technology,907.152
9/6/2015,Office Supplies,18.504
9/6/2015,Office Supplies,114.9
9/6/2015,Furniture,1706.184
9/6/2015,Technology,911.424
15/04/2018,Office Supplies,15.552
5/12/2017,Office Supplies,407.976
22/11/2016,Office Supplies,68.81
22/11/2016,Office Supplies,2.544
11/11/2015,Office Supplies,665.88
13/05/2015,Office Supplies,55.5
27/08/2015,Office Supplies,8.56
27/08/2015,Technology,213.48
27/08/2015,Office Supplies,22.72
9/12/2017,Office Supplies,19.46
9/12/2017,Office Supplies,60.34
16/07/2018,Furniture,71.372
25/09/2016,Furniture,1044.63
16/01/2017,Office Supplies,11.648
16/01/2017,Technology,90.57
17/09/2016,Furniture,3083.43
17/09/2016,Office Supplies,9.618
17/09/2016,Furniture,124.2
17/09/2016,Office Supplies,3.264
17/09/2016,Office Supplies,86.304
17/09/2016,Office Supplies,6.858
17/09/2016,Office Supplies,15.76
19/10/2018,Office Supplies,29.472
8/12/2017,Technology,1097.544
8/12/2017,Furniture,190.92
27/12/2016,Office Supplies,113.328
27/12/2016,Furniture,532.3992
27/12/2016,Furniture,212.058
27/12/2016,Technology,371.168
10/9/2018,Technology,147.168
17/07/2017,Office Supplies,77.88
19/09/2018,Office Supplies,95.616
11/3/2017,Technology,45.98
11/3/2017,Office Supplies,17.46
20/10/2015,Office Supplies,211.96
20/06/2017,Technology,45
20/06/2017,Technology,21.8
18/04/2016,Office Supplies,38.22
18/04/2016,Office Supplies,75.18
18/04/2016,Furniture,6.16
18/04/2016,Furniture,89.99
11/12/2017,Office Supplies,15.26
11/12/2017,Technology,1029.95
17/06/2017,Office Supplies,208.56
17/06/2017,Office Supplies,32.4
17/06/2017,Furniture,319.41
17/06/2017,Office Supplies,14.56
17/06/2017,Technology,30
17/06/2017,Office Supplies,48.48
17/06/2017,Office Supplies,1.68
24/11/2016,Technology,13.98
24/11/2016,Office Supplies,25.824
24/11/2016,Office Supplies,146.73
24/11/2016,Furniture,79.76
30/04/2016,Furniture,213.115
5/12/2015,Office Supplies,1113.024
5/12/2015,Technology,167.968
4/6/2017,Office Supplies,75.88
18/09/2017,Office Supplies,4.616
14/09/2018,Office Supplies,19.05
26/04/2016,Furniture,831.936
26/04/2016,Furniture,97.04
26/04/2016,Office Supplies,72.784
9/12/2018,Office Supplies,1.248
9/12/2018,Furniture,9.708
9/12/2018,Office Supplies,27.24
26/11/2015,Furniture,19.3
12/6/2017,Office Supplies,208.16
12/6/2017,Office Supplies,16.74
12/10/2015,Office Supplies,14.9
12/10/2015,Office Supplies,21.39
3/9/2016,Office Supplies,200.984
13/11/2018,Office Supplies,230.376
28/05/2018,Furniture,301.96
26/10/2018,Technology,19.99
26/10/2018,Office Supplies,6.16
5/4/2017,Office Supplies,158.368
17/09/2017,Office Supplies,20.1
17/09/2017,Technology,73.584
17/09/2017,Office Supplies,6.48
31/01/2016,Office Supplies,12.96
31/01/2016,Furniture,53.34
31/01/2016,Office Supplies,32.96
6/11/2018,Office Supplies,5.682
9/11/2018,Furniture,96.53
17/06/2018,Office Supplies,51.312
6/9/2017,Office Supplies,77.88
29/08/2017,Office Supplies,64.624
29/08/2017,Technology,95.976
29/08/2017,Office Supplies,1.788
1/12/2017,Office Supplies,23.92
13/11/2016,Technology,238.896
13/11/2016,Furniture,102.36
13/11/2016,Office Supplies,36.882
23/11/2018,Technology,74.112
23/11/2018,Technology,27.992
23/11/2018,Office Supplies,3.304
15/10/2016,Technology,339.96
25/12/2018,Furniture,41.96
3/11/2017,Office Supplies,75.96
3/11/2017,Office Supplies,27.24
25/08/2015,Office Supplies,40.096
25/08/2015,Office Supplies,4.72
25/08/2015,Office Supplies,23.976
25/08/2015,Office Supplies,130.464
2/3/2016,Furniture,787.53
5/4/2016,Office Supplies,157.794
12/6/2017,Furniture,47.04
12/6/2017,Office Supplies,30.84
12/6/2017,Office Supplies,226.56
12/6/2017,Office Supplies,115.02
12/6/2017,Technology,68.04
26/12/2015,Furniture,600.558
20/09/2015,Furniture,617.7
5/11/2018,Office Supplies,2.388
5/11/2018,Office Supplies,243.992
6/11/2017,Furniture,81.424
6/11/2017,Furniture,238.56
2/2/2018,Technology,59.97
2/2/2018,Office Supplies,78.304
2/2/2018,Office Supplies,21.456
13/10/2017,Office Supplies,20.04
13/10/2017,Office Supplies,35.44
13/10/2017,Office Supplies,11.52
13/10/2017,Office Supplies,4.02
13/10/2017,Office Supplies,76.176
13/10/2017,Office Supplies,65.88
13/10/2017,Furniture,43.12
5/9/2017,Furniture,82.8
18/09/2018,Office Supplies,8.82
18/09/2018,Office Supplies,10.86
18/09/2018,Office Supplies,143.7
22/12/2018,Office Supplies,839.43
7/9/2016,Office Supplies,671.93
22/10/2015,Furniture,93.888
5/12/2017,Technology,384.45
5/12/2017,Technology,149.97
5/12/2017,Furniture,1951.84
5/12/2017,Office Supplies,171.55
13/03/2017,Office Supplies,157.92
13/03/2017,Technology,203.184
31/05/2016,Office Supplies,58.38
31/05/2016,Office Supplies,105.52
31/05/2016,Office Supplies,80.88
28/05/2016,Office Supplies,6.63
1/3/2015,Furniture,457.568
20/11/2017,Office Supplies,14.62
20/11/2017,Technology,944.93
11/5/2017,Office Supplies,5.98
28/12/2016,Technology,54.384
16/11/2017,Office Supplies,28.4
7/11/2017,Office Supplies,27.68
8/9/2015,Office Supplies,9.936
8/9/2015,Technology,8159.952
8/9/2015,Office Supplies,275.928
8/9/2015,Furniture,1740.06
8/9/2015,Office Supplies,32.064
8/9/2015,Office Supplies,177.98
8/9/2015,Technology,143.976
5/8/2015,Office Supplies,20.94
5/8/2015,Office Supplies,110.96
5/8/2015,Furniture,340.144
14/09/2015,Office Supplies,52.448
14/09/2015,Office Supplies,20.16
21/04/2018,Office Supplies,97.264
21/11/2016,Furniture,396.802
21/11/2016,Office Supplies,15.88
15/12/2016,Office Supplies,3.28
5/12/2015,Office Supplies,24.816
5/12/2015,Technology,408.744
19/11/2015,Technology,503.96
19/11/2015,Technology,149.95
19/11/2015,Technology,29
28/11/2017,Office Supplies,7.16
26/08/2015,Technology,176.8
16/07/2017,Office Supplies,37.224
16/07/2017,Office Supplies,20.016
12/10/2016,Furniture,899.136
12/10/2016,Technology,71.76
12/10/2016,Office Supplies,51.84
12/10/2016,Furniture,626.352
12/10/2016,Office Supplies,19.9
31/10/2016,Office Supplies,14.28
21/03/2015,Office Supplies,7.408
21/03/2015,Office Supplies,6.048
6/11/2018,Office Supplies,46.26
6/7/2018,Office Supplies,2.946
6/7/2018,Office Supplies,16.056
24/06/2018,Office Supplies,21.744
3/8/2015,Furniture,218.75
3/8/2015,Office Supplies,2.6
17/12/2018,Office Supplies,66.284
3/6/2018,Furniture,35.168
9/12/2018,Technology,444.768
1/12/2018,Office Supplies,83.92
1/12/2018,Technology,131.98
1/12/2018,Office Supplies,15.92
1/12/2018,Office Supplies,52.29
1/12/2018,Office Supplies,91.99
9/2/2016,Technology,20.8
2/1/2016,Office Supplies,23.68
2/1/2016,Furniture,452.45
2/1/2016,Technology,62.982
2/1/2016,Technology,1188
2/1/2016,Technology,89.584
28/10/2017,Office Supplies,93.06
28/10/2017,Technology,302.376
24/12/2016,Office Supplies,5.584
24/12/2016,Office Supplies,22.704
24/12/2016,Office Supplies,19.776
24/12/2016,Furniture,72.704
24/12/2016,Technology,479.988
24/12/2016,Office Supplies,27.168
9/8/2016,Office Supplies,2.2
9/8/2016,Furniture,622.45
9/8/2016,Office Supplies,21.98
28/02/2016,Furniture,161.568
28/02/2016,Furniture,389.696
13/09/2015,Office Supplies,18.648
7/4/2018,Furniture,233.86
7/4/2018,Furniture,620.6145
7/4/2018,Office Supplies,5.328
7/4/2018,Furniture,258.072
7/4/2018,Technology,617.976
12/11/2018,Office Supplies,10.56
4/6/2017,Office Supplies,25.92
4/6/2017,Furniture,419.68
4/6/2017,Furniture,11.688
4/6/2017,Technology,31.984
4/6/2017,Furniture,177.225
4/6/2017,Furniture,4.044
4/6/2017,Office Supplies,7.408
1/6/2015,Furniture,2001.86
1/6/2015,Office Supplies,166.72
1/6/2015,Office Supplies,47.88
1/6/2015,Office Supplies,1503.25
1/6/2015,Office Supplies,25.92
10/12/2017,Furniture,321.568
11/9/2017,Office Supplies,7.61
11/9/2017,Technology,3347.37
10/12/2017,Office Supplies,80.58
10/12/2017,Office Supplies,361.92
28/11/2016,Furniture,12.132
28/11/2016,Office Supplies,82.368
28/11/2016,Office Supplies,53.92
28/11/2016,Technology,647.904
1/12/2018,Technology,20.37
1/12/2018,Office Supplies,221.55
1/12/2018,Office Supplies,17.52
8/6/2018,Office Supplies,1.624
19/09/2015,Technology,3059.982
19/09/2015,Technology,2519.958
6/6/2017,Technology,328.224
10/11/2016,Technology,79.9
16/06/2018,Office Supplies,14.016
22/01/2017,Office Supplies,7.56
9/12/2018,Office Supplies,37.208
9/12/2018,Office Supplies,57.576
28/12/2018,Office Supplies,725.84
30/07/2016,Technology,209.93
30/07/2016,Furniture,5.28
30/07/2016,Office Supplies,10.92
16/09/2018,Office Supplies,8.82
16/09/2018,Office Supplies,5.98
13/10/2018,Office Supplies,11.648
13/10/2018,Office Supplies,18.176
13/10/2018,Office Supplies,59.712
13/10/2018,Office Supplies,24.84
26/09/2016,Office Supplies,2.08
26/09/2016,Technology,1114.4
2/11/2016,Furniture,1038.84
26/09/2016,Office Supplies,141.76
26/09/2016,Technology,239.8
26/09/2016,Office Supplies,31.104
18/12/2017,Office Supplies,254.058
18/12/2017,Office Supplies,194.528
18/12/2017,Office Supplies,961.48
20/11/2017,Office Supplies,19.096
20/11/2017,Office Supplies,18.496
20/11/2017,Technology,255.984
20/11/2017,Furniture,86.97
26/12/2015,Furniture,300.416
26/12/2015,Furniture,230.352
26/12/2015,Furniture,218.352
26/12/2015,Office Supplies,78.6
26/12/2015,Office Supplies,27.552
28/10/2017,Office Supplies,32.4
28/10/2017,Office Supplies,1082.48
28/10/2017,Office Supplies,56.91
28/10/2017,Furniture,77.6
28/10/2017,Office Supplies,14.28
19/11/2018,Furniture,219.075
4/5/2016,Furniture,26.8
30/12/2015,Office Supplies,9.84
1/6/2015,Office Supplies,45.48
1/6/2015,Office Supplies,289.2
15/04/2018,Office Supplies,4.89
12/9/2017,Furniture,15.136
12/9/2017,Furniture,466.768
12/9/2017,Furniture,15.232
12/9/2017,Office Supplies,6.264
27/09/2015,Furniture,87.54
9/8/2015,Technology,178.384
9/8/2015,Office Supplies,15.552
28/12/2015,Office Supplies,99.136
4/11/2015,Furniture,135.882
4/11/2015,Technology,3991.98
4/11/2015,Technology,275.94
4/11/2015,Technology,360
4/11/2015,Office Supplies,43.57
19/09/2015,Office Supplies,7.16
23/04/2017,Office Supplies,251.52
23/04/2017,Technology,99.99
3/11/2018,Furniture,15.992
30/08/2017,Technology,290.898
30/08/2017,Office Supplies,54.224
30/08/2017,Furniture,786.744
30/08/2017,Office Supplies,100.24
30/08/2017,Office Supplies,37.764
25/04/2017,Technology,82.8
25/04/2017,Office Supplies,20.724
25/04/2017,Office Supplies,4.896
1/9/2016,Office Supplies,4.752
1/9/2016,Technology,959.984
1/9/2016,Office Supplies,14.368
12/7/2015,Office Supplies,7.712
12/7/2015,Furniture,698.352
22/06/2016,Office Supplies,4.96
13/04/2015,Office Supplies,17.856
13/04/2015,Office Supplies,509.97
13/04/2015,Office Supplies,30.992
13/04/2015,Technology,71.928
20/12/2016,Office Supplies,88.8
15/06/2018,Technology,47.976
8/7/2018,Office Supplies,7.56
8/7/2018,Office Supplies,24.56
8/7/2018,Office Supplies,12.96
1/9/2017,Technology,6.79
1/9/2017,Office Supplies,24.56
1/9/2017,Office Supplies,3.048
1/9/2017,Office Supplies,49.12
1/9/2017,Office Supplies,4355.168
8/4/2017,Furniture,388.704
8/4/2017,Office Supplies,8.26
8/4/2017,Office Supplies,17.04
8/4/2017,Office Supplies,34.4
23/04/2017,Office Supplies,36.24
8/3/2018,Office Supplies,647.84
8/3/2018,Office Supplies,20.7
25/09/2018,Office Supplies,20.7
25/09/2018,Furniture,488.646
25/09/2018,Office Supplies,5.56
25/09/2018,Furniture,47.12
24/09/2015,Office Supplies,211.96
21/10/2017,Office Supplies,23.2
21/10/2017,Office Supplies,7.36
21/10/2017,Office Supplies,104.79
21/10/2017,Furniture,1043.92
29/05/2018,Office Supplies,25.92
29/05/2018,Office Supplies,53.424
23/07/2015,Office Supplies,8.16
23/07/2015,Technology,1023.936
23/07/2015,Office Supplies,9.24
23/07/2015,Technology,479.04
28/09/2017,Office Supplies,99.136
27/08/2018,Furniture,1488.424
28/04/2016,Office Supplies,8.652
28/04/2016,Office Supplies,23.832
28/04/2016,Office Supplies,12.176
28/10/2017,Office Supplies,50.96
28/10/2017,Office Supplies,49.536
26/06/2016,Technology,41.9
27/11/2016,Furniture,375.4575
27/11/2016,Technology,83.976
3/12/2016,Technology,482.34
3/12/2016,Furniture,2.96
24/11/2015,Office Supplies,2.624
11/12/2018,Office Supplies,23.36
11/12/2018,Technology,39.98
21/09/2015,Technology,246.384
21/09/2015,Technology,1799.97
7/6/2015,Office Supplies,12.462
30/06/2018,Office Supplies,75.792
17/10/2018,Office Supplies,49.96
17/10/2018,Office Supplies,12.96
31/10/2016,Office Supplies,70.12
8/9/2017,Office Supplies,35.952
8/9/2017,Furniture,2396.2656
8/9/2017,Office Supplies,131.136
8/9/2017,Technology,57.584
24/12/2015,Office Supplies,9.568
16/04/2015,Office Supplies,39.072
24/12/2018,Office Supplies,35.91
8/12/2018,Technology,179.95
8/12/2018,Technology,1199.976
8/12/2018,Office Supplies,27.15
8/12/2018,Furniture,1004.024
8/12/2018,Office Supplies,9.68
8/12/2018,Office Supplies,28.35
8/12/2018,Office Supplies,55.98
8/12/2018,Furniture,1336.829
8/12/2018,Furniture,113.568
3/11/2018,Office Supplies,139.86
3/11/2018,Furniture,307.136
24/06/2018,Office Supplies,95.92
14/04/2017,Furniture,383.8
6/11/2018,Office Supplies,5.78
4/3/2018,Office Supplies,9.32
4/3/2018,Office Supplies,15.25
22/06/2015,Technology,196.752
19/10/2018,Furniture,56.56
19/10/2018,Office Supplies,32.7
21/08/2018,Furniture,866.4
23/11/2018,Furniture,28.4
23/11/2018,Office Supplies,287.92
12/9/2015,Technology,69.99
1/10/2018,Office Supplies,6.672
15/04/2017,Office Supplies,189.588
15/04/2017,Technology,408.744
15/04/2017,Technology,291.96
15/04/2017,Office Supplies,4.768
6/6/2017,Office Supplies,714.3
19/12/2015,Office Supplies,4.812
19/12/2015,Technology,247.8
12/6/2017,Technology,1007.979
12/6/2017,Office Supplies,313.488
15/09/2018,Office Supplies,31.872
20/01/2018,Furniture,207.846
5/9/2017,Furniture,12.22
5/9/2017,Office Supplies,194.94
5/9/2017,Office Supplies,70.95
5/9/2017,Office Supplies,91.36
5/9/2017,Furniture,242.94
5/9/2017,Office Supplies,22.05
20/03/2018,Furniture,2.91
1/4/2017,Office Supplies,59.52
1/4/2017,Office Supplies,161.94
1/4/2017,Office Supplies,263.88
1/4/2017,Office Supplies,30.48
1/4/2017,Office Supplies,9.84
1/4/2017,Technology,35.12
20/10/2018,Furniture,284.364
20/10/2018,Office Supplies,665.408
13/12/2017,Technology,63.88
12/2/2015,Furniture,129.568
26/09/2017,Furniture,747.558
26/09/2017,Office Supplies,8.928
15/12/2016,Office Supplies,103.92
15/12/2016,Technology,899.91
15/12/2016,Office Supplies,51.312
22/04/2017,Furniture,23.56
22/04/2017,Furniture,1272.63
22/04/2017,Office Supplies,28.485
22/04/2017,Office Supplies,185.376
22/04/2017,Office Supplies,78.272
17/01/2016,Furniture,254.744
31/03/2018,Furniture,205.3328
16/12/2017,Office Supplies,4.788
20/12/2016,Office Supplies,55.48
9/11/2015,Office Supplies,340.92
9/11/2015,Furniture,222.666
9/11/2015,Technology,703.968
9/11/2015,Office Supplies,92.52
9/11/2015,Office Supplies,62.65
9/11/2015,Office Supplies,94.85
12/7/2017,Technology,95.76
27/10/2017,Furniture,40.2
26/06/2017,Office Supplies,14.7
26/06/2017,Office Supplies,704.25
6/10/2015,Technology,9.09
22/07/2015,Office Supplies,5.96
22/07/2015,Technology,159.98
10/6/2018,Office Supplies,29.6
10/6/2018,Furniture,514.165
10/6/2018,Technology,279.96
29/10/2015,Technology,2735.952
9/6/2015,Technology,7.992
9/6/2015,Technology,63.984
9/6/2015,Office Supplies,70.368
14/09/2015,Office Supplies,449.15
14/09/2015,Office Supplies,11.07
9/5/2017,Technology,93.98
18/03/2017,Furniture,189.882
27/12/2016,Office Supplies,105.42
25/07/2017,Office Supplies,119.616
25/07/2017,Furniture,255.76
25/07/2017,Furniture,241.568
25/07/2017,Furniture,69.3
30/05/2017,Office Supplies,22.62
30/05/2017,Office Supplies,14.952
30/05/2017,Furniture,801.568
30/05/2017,Office Supplies,2.376
30/05/2017,Office Supplies,32.792
12/11/2018,Office Supplies,15.92
16/03/2016,Office Supplies,2.74
16/03/2016,Office Supplies,8.34
16/03/2016,Office Supplies,46.74
16/03/2016,Office Supplies,6354.95
26/11/2018,Furniture,126.3
26/11/2018,Technology,38.04
20/10/2017,Office Supplies,7.152
21/12/2018,Office Supplies,6.63
21/12/2018,Office Supplies,5.88
22/01/2018,Technology,2999.95
22/01/2018,Office Supplies,51.45
22/01/2018,Office Supplies,11.96
22/01/2018,Office Supplies,1126.02
22/03/2016,Technology,18.392
22/03/2016,Office Supplies,129.568
22/03/2016,Office Supplies,14.112
23/01/2018,Furniture,210.98
21/05/2017,Technology,55.176
21/05/2017,Technology,66.26
26/12/2016,Office Supplies,22.2
21/10/2018,Furniture,683.952
21/10/2018,Furniture,45.696
3/9/2016,Office Supplies,36.336
3/9/2016,Office Supplies,666.248
3/9/2016,Office Supplies,52.512
7/11/2016,Furniture,190.72
7/9/2018,Furniture,47.94
29/05/2017,Technology,979.95
29/05/2017,Office Supplies,22.75
10/7/2017,Office Supplies,16.768
3/9/2018,Office Supplies,42.616
3/12/2016,Office Supplies,10.752
7/12/2016,Office Supplies,152.94
7/12/2016,Furniture,283.92
1/2/2015,Technology,468.9
14/07/2017,Technology,380.864
18/12/2016,Office Supplies,646.776
11/5/2015,Technology,58.112
11/5/2015,Technology,100.792
11/5/2015,Furniture,66.112
19/11/2018,Office Supplies,41.28
19/11/2018,Office Supplies,13.36
15/11/2016,Office Supplies,250.272
15/11/2016,Office Supplies,11.364
15/11/2016,Office Supplies,8.72
15/04/2017,Furniture,1121.568
11/9/2018,Furniture,34.504
24/11/2018,Office Supplies,10.824
29/06/2018,Office Supplies,1295.78
3/3/2015,Office Supplies,19.456
10/6/2017,Office Supplies,20.7
10/6/2017,Furniture,1335.68
10/6/2017,Office Supplies,32.4
20/11/2018,Furniture,42.6
20/11/2018,Office Supplies,84.056
14/09/2015,Office Supplies,13
14/09/2015,Furniture,13.128
7/12/2016,Office Supplies,3.96
7/12/2016,Office Supplies,2.61
7/12/2018,Technology,374.376
1/10/2018,Office Supplies,91.84
1/10/2018,Office Supplies,81.088
1/10/2018,Office Supplies,19.44
1/10/2018,Furniture,451.152
28/12/2018,Office Supplies,72.45
28/12/2018,Office Supplies,13.96
28/12/2018,Office Supplies,33.264
28/12/2018,Technology,14.85
3/11/2017,Office Supplies,8.82
18/09/2016,Office Supplies,160.72
18/09/2016,Office Supplies,19.92
18/09/2016,Office Supplies,7.3
20/07/2018,Office Supplies,69.712
20/07/2018,Furniture,8.792
10/9/2016,Office Supplies,51.52
1/12/2018,Technology,470.376
1/12/2018,Technology,105.584
1/12/2018,Office Supplies,31.152
1/12/2018,Office Supplies,6.783
1/12/2018,Technology,406.368
3/7/2016,Furniture,70.98
3/7/2016,Office Supplies,294.93
20/03/2017,Technology,84.784
20/03/2017,Office Supplies,20.736
20/03/2017,Office Supplies,16.821
20/03/2017,Office Supplies,10.368
9/1/2015,Office Supplies,9.344
9/1/2015,Technology,31.2
8/8/2015,Office Supplies,76.12
8/8/2015,Technology,1199.976
8/8/2015,Technology,445.96
8/8/2015,Furniture,327.76
14/07/2017,Office Supplies,11.632
16/07/2017,Technology,143.982
16/07/2017,Technology,494.376
16/07/2017,Office Supplies,5.84
15/03/2015,Office Supplies,142.776
15/03/2015,Furniture,45.696
15/03/2015,Office Supplies,7.218
15/03/2015,Office Supplies,43.188
15/03/2015,Office Supplies,131.904
23/05/2015,Office Supplies,3.282
23/05/2015,Office Supplies,21.168
23/05/2015,Technology,55.188
28/04/2017,Technology,369.576
28/04/2017,Office Supplies,15.712
11/9/2017,Office Supplies,8.448
11/9/2017,Technology,728.946
14/11/2018,Technology,119.94
14/11/2018,Office Supplies,3.648
18/08/2018,Furniture,40.48
18/08/2018,Furniture,9.94
18/08/2018,Office Supplies,107.424
18/08/2018,Technology,37.91
18/08/2018,Furniture,88.02
26/12/2015,Office Supplies,8.69
29/11/2016,Furniture,301.96
29/11/2016,Office Supplies,555.21
29/11/2016,Office Supplies,523.48
29/11/2016,Office Supplies,161.82
15/09/2018,Furniture,35.56
19/05/2018,Office Supplies,97.16
17/12/2018,Office Supplies,15.24
17/12/2018,Office Supplies,13.23
11/12/2017,Office Supplies,243.384
11/12/2017,Technology,119.8
11/12/2017,Technology,300.768
24/09/2018,Technology,17.88
24/09/2018,Office Supplies,235.944
4/10/2016,Furniture,392.94
15/08/2017,Office Supplies,18.882
15/08/2017,Office Supplies,122.328
20/05/2017,Furniture,1049.2
20/05/2017,Office Supplies,15.424
18/12/2017,Furniture,18.84
30/07/2018,Office Supplies,330.4
30/07/2018,Office Supplies,26.25
10/6/2018,Technology,132.52
21/07/2018,Office Supplies,6.48
30/12/2018,Office Supplies,209.3
1/4/2017,Office Supplies,31.56
1/4/2017,Office Supplies,30.144
11/12/2017,Furniture,14.8
11/12/2017,Technology,302.376
11/12/2017,Technology,316
23/10/2017,Office Supplies,379.4
19/06/2018,Office Supplies,97.82
19/06/2018,Technology,103.12
22/08/2017,Office Supplies,113.552
22/08/2017,Office Supplies,3.318
22/08/2017,Office Supplies,134.288
19/09/2017,Furniture,701.372
19/09/2017,Office Supplies,2.308
24/08/2016,Office Supplies,999.432
24/08/2016,Office Supplies,724.08
24/08/2016,Furniture,918.785
24/08/2016,Office Supplies,2.724
26/03/2017,Office Supplies,459.95
4/11/2017,Office Supplies,10.74
8/6/2018,Office Supplies,23.76
8/6/2018,Office Supplies,85.056
8/6/2018,Technology,381.576
24/12/2015,Furniture,30.36
9/6/2018,Furniture,23.976
9/6/2018,Furniture,108.925
9/6/2018,Office Supplies,36.352
15/06/2018,Office Supplies,19.56
5/12/2018,Office Supplies,61.44
5/12/2018,Office Supplies,38.9
5/12/2018,Technology,99.39
18/03/2018,Office Supplies,2.688
18/03/2018,Technology,27.816
18/03/2018,Furniture,82.524
18/03/2018,Office Supplies,182.994
19/11/2017,Office Supplies,14.352
19/11/2017,Office Supplies,64.96
19/11/2017,Office Supplies,68.6
4/11/2018,Technology,7999.98
4/11/2018,Office Supplies,167.44
5/7/2015,Technology,479.97
5/7/2015,Office Supplies,14.62
5/7/2015,Office Supplies,19.44
25/12/2018,Furniture,191.984
21/06/2015,Furniture,104.01
21/06/2015,Technology,284.82
21/06/2015,Office Supplies,36.84
28/03/2016,Technology,166.24
28/03/2016,Office Supplies,33.4
14/05/2016,Office Supplies,198.272
14/05/2016,Office Supplies,47.36
14/05/2016,Office Supplies,200.984
14/05/2016,Office Supplies,97.696
14/05/2016,Office Supplies,2.696
14/05/2016,Office Supplies,18.588
14/05/2016,Office Supplies,4.896
2/9/2018,Furniture,15.072
4/11/2017,Furniture,209.88
9/4/2016,Furniture,369.912
12/9/2015,Office Supplies,10.368
12/9/2015,Office Supplies,166.84
12/9/2015,Technology,15.216
2/12/2015,Technology,119.96
2/12/2015,Furniture,883.92
2/12/2015,Office Supplies,46.72
5/4/2015,Office Supplies,55.48
3/9/2018,Office Supplies,24.448
19/05/2018,Office Supplies,281.34
19/05/2018,Technology,307.98
19/05/2018,Technology,299.97
1/7/2015,Office Supplies,19.92
11/1/2015,Furniture,9.94
24/09/2018,Furniture,103.056
2/6/2015,Office Supplies,59.808
2/6/2015,Furniture,73.32
13/02/2017,Office Supplies,146.82
15/12/2017,Furniture,1652.94
15/12/2017,Office Supplies,296.37
7/10/2015,Furniture,129.92
7/7/2017,Office Supplies,45.584
16/09/2018,Office Supplies,17.568
16/09/2018,Technology,55.992
3/12/2017,Office Supplies,182.72
3/12/2017,Furniture,400.032
3/12/2017,Office Supplies,33.63
3/12/2017,Furniture,542.646
3/12/2017,Office Supplies,6.3
21/01/2018,Office Supplies,242.94
21/01/2018,Technology,179.97
21/01/2018,Office Supplies,99.696
21/01/2018,Office Supplies,27.936
21/01/2018,Furniture,84.98
21/01/2018,Office Supplies,18.72
8/9/2015,Technology,49.98
4/1/2015,Office Supplies,11.784
4/1/2015,Office Supplies,272.736
4/1/2015,Office Supplies,3.54
27/08/2017,Office Supplies,51.52
27/08/2017,Office Supplies,3.528
27/08/2017,Office Supplies,4.624
27/08/2017,Office Supplies,55.168
27/05/2015,Furniture,567.12
27/05/2015,Office Supplies,359.32
20/03/2017,Technology,11.992
2/10/2018,Office Supplies,58.05
2/10/2018,Furniture,157.74
2/10/2018,Office Supplies,56.98
2/10/2018,Office Supplies,2.88
7/4/2017,Technology,1199.976
7/12/2016,Furniture,79.92
18/09/2017,Furniture,383.438
29/12/2015,Office Supplies,24.56
29/12/2015,Technology,119.8
23/07/2018,Office Supplies,13.128
18/09/2018,Office Supplies,22.72
31/08/2016,Office Supplies,58.32
3/11/2018,Office Supplies,12.39
8/2/2016,Technology,107.982
13/01/2015,Office Supplies,11.36
13/01/2015,Office Supplies,50.94
13/01/2015,Technology,646.74
13/01/2015,Office Supplies,5.64
13/01/2015,Office Supplies,572.58
14/05/2015,Furniture,310.88
19/05/2017,Furniture,641.96
30/01/2018,Office Supplies,18.28
30/01/2018,Technology,207
30/01/2018,Office Supplies,32.35
30/01/2018,Office Supplies,7.71
30/01/2018,Office Supplies,40.3
30/01/2018,Furniture,34.58
29/06/2015,Office Supplies,32.76
21/08/2016,Furniture,544.008
21/08/2016,Office Supplies,59.94
21/08/2016,Office Supplies,23.92
21/08/2016,Office Supplies,4.28
3/10/2016,Office Supplies,32.07
3/10/2016,Technology,24
3/10/2016,Furniture,35.49
3/10/2016,Technology,47.984
23/05/2016,Office Supplies,186.69
17/03/2018,Office Supplies,17.456
12/12/2016,Furniture,348.928
26/06/2016,Office Supplies,143.96
26/06/2016,Office Supplies,15.42
26/06/2016,Office Supplies,43.04
26/06/2016,Furniture,332.94
20/05/2017,Technology,1363.96
20/09/2015,Office Supplies,9.96
20/09/2015,Office Supplies,21.72
21/09/2018,Office Supplies,20.16
24/12/2016,Office Supplies,132.79
24/12/2016,Office Supplies,12.96
24/12/2016,Office Supplies,21.56
27/11/2016,Furniture,283.92
20/02/2018,Furniture,22.23
20/02/2018,Technology,215.968
18/08/2017,Office Supplies,355.32
12/3/2017,Office Supplies,12.96
22/04/2018,Furniture,18.28
1/11/2015,Office Supplies,43.176
1/11/2015,Technology,1983.968
3/2/2016,Furniture,28.4
3/2/2016,Technology,149.97
13/10/2015,Office Supplies,11.52
13/10/2015,Furniture,1298.55
13/10/2015,Office Supplies,213.92
13/10/2015,Technology,25.78
14/05/2018,Furniture,18.28
14/05/2018,Technology,1399.93
20/03/2016,Office Supplies,51.84
15/09/2017,Office Supplies,5.344
28/06/2015,Office Supplies,41.472
28/06/2015,Office Supplies,3.168
28/06/2015,Furniture,1228.465
28/06/2015,Office Supplies,31.086
28/06/2015,Office Supplies,335.52
20/06/2018,Technology,239.97
20/06/2018,Office Supplies,9.82
9/5/2015,Technology,67.8
9/5/2015,Technology,167.97
21/08/2018,Office Supplies,35
21/08/2018,Office Supplies,37.24
21/08/2018,Office Supplies,15.28
16/06/2018,Furniture,301.96
16/06/2018,Office Supplies,180.66
16/06/2018,Technology,191.98
16/06/2018,Technology,65.99
23/07/2017,Office Supplies,35.216
23/07/2017,Office Supplies,23.696
23/07/2017,Technology,265.475
8/9/2015,Office Supplies,51.184
4/11/2018,Office Supplies,9.664
7/3/2017,Technology,21.072
20/11/2016,Office Supplies,60.45
20/11/2016,Office Supplies,11.52
20/11/2016,Furniture,186.048
7/11/2017,Office Supplies,37.44
7/11/2017,Office Supplies,26.976
7/11/2017,Office Supplies,11.36
7/11/2017,Office Supplies,14.62
13/10/2016,Technology,83.72
13/10/2016,Furniture,287.94
1/1/2018,Furniture,48.896
7/2/2015,Technology,115.36
20/06/2017,Office Supplies,5.16
20/06/2017,Office Supplies,38.88
28/05/2017,Office Supplies,185.88
19/02/2017,Furniture,44.46
19/02/2017,Office Supplies,242.94
3/8/2015,Office Supplies,39.96
3/8/2015,Office Supplies,102.3
3/8/2015,Office Supplies,21.36
10/4/2018,Office Supplies,7.61
10/4/2018,Office Supplies,7.16
9/6/2015,Office Supplies,7.36
9/6/2015,Office Supplies,23.1
5/1/2017,Technology,191.472
5/1/2017,Office Supplies,5.248
5/1/2017,Technology,59.184
10/1/2015,Office Supplies,2.89
10/1/2015,Furniture,51.94
29/09/2017,Office Supplies,15.936
6/4/2015,Office Supplies,44.91
3/9/2017,Office Supplies,1141.47
3/9/2017,Technology,280.782
19/10/2016,Office Supplies,34.44
10/12/2015,Office Supplies,11.36
10/12/2015,Office Supplies,106.344
25/08/2018,Office Supplies,192.16
17/01/2017,Furniture,322.59
17/01/2017,Technology,29.99
17/01/2017,Technology,371.97
17/09/2015,Office Supplies,5.892
30/11/2018,Office Supplies,68.472
30/11/2018,Furniture,1242.9
9/10/2016,Office Supplies,30.84
23/12/2018,Office Supplies,13.48
22/10/2017,Furniture,31.4
29/04/2015,Furniture,17.46
25/04/2016,Office Supplies,13.944
26/06/2018,Office Supplies,83.76
14/10/2018,Office Supplies,37.66
9/12/2015,Office Supplies,34.68
20/06/2018,Technology,149.95
20/06/2018,Office Supplies,51.312
26/06/2018,Office Supplies,4.54
26/06/2018,Office Supplies,15.92
26/06/2018,Technology,543.92
10/11/2017,Office Supplies,155.82
10/11/2017,Office Supplies,70.008
3/10/2017,Office Supplies,15.648
9/9/2015,Office Supplies,103.6
29/10/2018,Office Supplies,46.96
10/4/2017,Office Supplies,8.904
11/11/2018,Office Supplies,10.44
11/11/2018,Office Supplies,18.336
15/09/2018,Technology,323.976
8/4/2017,Office Supplies,20.04
8/4/2017,Office Supplies,64.96
8/4/2017,Office Supplies,12.96
30/12/2018,Furniture,323.136
30/12/2018,Technology,90.93
30/12/2018,Office Supplies,52.776
2/9/2018,Technology,1199.8
2/9/2018,Technology,1928.78
2/9/2018,Office Supplies,352.38
31/05/2016,Furniture,22.2
27/11/2018,Furniture,46.94
27/11/2018,Technology,143.73
15/06/2015,Furniture,99.918
15/06/2015,Furniture,797.944
15/06/2015,Office Supplies,8.568
5/3/2017,Office Supplies,149.352
5/3/2017,Office Supplies,12.992
5/12/2015,Office Supplies,24.56
11/4/2016,Technology,85.14
11/4/2016,Technology,21.99
11/4/2016,Office Supplies,406.6
15/09/2017,Office Supplies,841.568
13/09/2015,Office Supplies,15.552
13/09/2015,Technology,252
5/10/2016,Office Supplies,46.2
5/10/2016,Office Supplies,28.84
14/04/2018,Office Supplies,14.592
14/04/2018,Office Supplies,89.856
14/04/2018,Office Supplies,13.872
2/9/2018,Office Supplies,12.192
20/06/2017,Office Supplies,45.056
20/06/2017,Office Supplies,29.718
20/06/2017,Office Supplies,15.552
20/06/2017,Office Supplies,447.696
5/11/2018,Technology,159.99
13/12/2016,Office Supplies,12.96
13/12/2016,Office Supplies,134.48
19/06/2017,Office Supplies,17.12
13/12/2017,Office Supplies,6.096
13/12/2017,Furniture,1114.272
29/05/2016,Office Supplies,32.4
29/05/2016,Office Supplies,540.57
29/05/2016,Office Supplies,167.76
26/07/2016,Furniture,393.165
28/11/2018,Furniture,516.488
28/11/2018,Furniture,1007.232
28/11/2018,Furniture,2065.32
28/11/2018,Office Supplies,15.552
28/11/2018,Office Supplies,25.344
3/4/2018,Furniture,25.472
28/12/2018,Office Supplies,27.168
28/12/2018,Furniture,78.8528
30/11/2018,Office Supplies,173.8
15/05/2018,Technology,29.592
15/05/2018,Office Supplies,4.752
15/05/2018,Office Supplies,15.552
22/09/2016,Furniture,204.6
14/11/2018,Furniture,321.568
27/11/2016,Office Supplies,6.24
1/9/2017,Office Supplies,21.88
22/09/2015,Office Supplies,4.608
9/4/2018,Office Supplies,9.82
9/4/2018,Office Supplies,35.97
9/4/2018,Office Supplies,12.96
9/4/2018,Office Supplies,191.6
9/4/2018,Office Supplies,8.64
9/4/2018,Office Supplies,501.81
16/01/2015,Furniture,127.104
16/01/2015,Technology,124.2
16/01/2015,Office Supplies,18.588
16/01/2015,Office Supplies,30.072
5/10/2018,Technology,160.93
5/10/2018,Office Supplies,75.792
9/7/2018,Office Supplies,1.08
7/1/2018,Technology,3059.982
30/05/2017,Office Supplies,3.282
9/12/2016,Office Supplies,34.02
3/10/2017,Furniture,599.292
11/11/2015,Office Supplies,3.392
11/11/2015,Technology,559.984
11/11/2015,Furniture,603.92
29/09/2018,Office Supplies,7.968
29/09/2018,Office Supplies,27.968
29/09/2018,Technology,336.51
10/3/2016,Office Supplies,1.112
21/05/2018,Furniture,520.05
21/05/2018,Office Supplies,17.97
29/03/2016,Furniture,1166.92
9/9/2017,Office Supplies,14.624
26/08/2017,Office Supplies,10.23
26/08/2017,Office Supplies,154.9
21/05/2015,Office Supplies,2715.93
21/05/2015,Technology,617.97
28/10/2016,Office Supplies,10.67
28/10/2016,Office Supplies,36.63
28/10/2016,Furniture,24.1
28/10/2016,Furniture,33.11
13/11/2017,Office Supplies,44.02
31/07/2016,Technology,2309.65
31/07/2016,Furniture,1090.782
31/07/2016,Office Supplies,19.44
27/08/2016,Office Supplies,484.65
13/11/2016,Office Supplies,115.296
6/11/2016,Office Supplies,7.08
6/11/2016,Office Supplies,4.401
26/12/2018,Office Supplies,44.75
1/8/2018,Technology,95.984
24/11/2015,Furniture,151.72
17/06/2018,Furniture,155.25
17/06/2018,Office Supplies,14.03
21/12/2016,Furniture,1618.37
21/12/2016,Technology,99.6
17/09/2016,Office Supplies,32.4
6/7/2016,Furniture,13.96
6/7/2016,Furniture,155.82
6/7/2016,Technology,124.95
6/7/2016,Office Supplies,601.65
27/04/2016,Office Supplies,22.74
27/04/2016,Furniture,1267.53
27/04/2016,Technology,1379.92
16/06/2016,Office Supplies,6.208
17/12/2018,Office Supplies,11.808
11/1/2017,Office Supplies,15.552
11/1/2017,Office Supplies,63.312
11/1/2017,Technology,15.588
11/7/2015,Office Supplies,177.2
11/7/2015,Technology,197.97
11/7/2015,Furniture,854.94
11/7/2015,Furniture,124.11
11/7/2015,Office Supplies,14.4
20/11/2017,Office Supplies,15.696
20/11/2017,Office Supplies,2.628
20/11/2017,Office Supplies,14.427
22/04/2017,Furniture,86.62
13/06/2016,Office Supplies,36.624
20/11/2018,Office Supplies,23.968
20/11/2018,Office Supplies,28.728
20/03/2017,Furniture,697.16
6/9/2017,Technology,31.86
6/9/2017,Furniture,722.352
9/7/2018,Office Supplies,8.84
9/7/2018,Office Supplies,58.464
12/10/2018,Furniture,254.604
8/3/2017,Technology,1363.96
8/3/2017,Furniture,102.36
27/05/2015,Technology,1113.504
27/05/2015,Technology,99.99
3/7/2016,Furniture,168.464
3/7/2016,Office Supplies,6.72
3/7/2016,Furniture,282.888
4/4/2016,Office Supplies,11.16
4/4/2016,Furniture,108.4
4/4/2016,Office Supplies,82.344
4/4/2016,Office Supplies,9.088
10/12/2018,Office Supplies,19.936
10/12/2018,Office Supplies,65.568
24/11/2017,Office Supplies,4.416
23/03/2016,Furniture,107.772
16/04/2016,Office Supplies,45.216
16/04/2016,Office Supplies,10.416
16/04/2016,Office Supplies,7.872
16/04/2016,Technology,118.782
16/04/2016,Office Supplies,1.448
16/04/2016,Office Supplies,55.47
1/10/2017,Furniture,194.848
28/09/2018,Office Supplies,1.744
25/07/2016,Office Supplies,25.176
20/11/2016,Office Supplies,19.46
28/04/2017,Office Supplies,29.472
14/11/2018,Office Supplies,8.64
12/11/2017,Office Supplies,6.27
12/11/2017,Office Supplies,4.368
12/11/2017,Technology,31.984
29/09/2017,Office Supplies,40.88
23/09/2018,Office Supplies,119.96
23/09/2018,Office Supplies,31.44
23/09/2018,Office Supplies,6.88
29/11/2016,Office Supplies,19.92
29/11/2016,Furniture,1106.91
1/3/2017,Furniture,836.592
1/3/2017,Office Supplies,26.38
1/3/2017,Office Supplies,362.92
1/3/2017,Technology,4899.93
12/8/2017,Office Supplies,6.48
15/08/2017,Technology,71.976
15/08/2017,Office Supplies,3.15
4/6/2018,Furniture,31.984
4/6/2018,Technology,71.984
6/12/2016,Office Supplies,120.15
6/12/2016,Technology,219.184
27/12/2016,Office Supplies,28.9
27/12/2016,Office Supplies,355.96
21/01/2018,Office Supplies,348.208
21/01/2018,Office Supplies,35.784
25/06/2015,Furniture,447.84
14/06/2017,Office Supplies,7.04
14/06/2017,Furniture,8.73
14/06/2017,Technology,29.29
14/06/2017,Office Supplies,8.64
21/04/2018,Office Supplies,2.694
21/04/2018,Office Supplies,2.934
21/10/2017,Office Supplies,22.92
19/11/2017,Office Supplies,100.704
19/11/2017,Furniture,2.328
19/11/2017,Office Supplies,10.78
19/11/2017,Office Supplies,58.368
19/11/2017,Office Supplies,40.968
19/11/2017,Technology,71.96
19/11/2017,Office Supplies,10.368
19/11/2017,Office Supplies,1.192
18/12/2018,Office Supplies,46.672
18/12/2018,Furniture,119.833
18/12/2018,Technology,119.98
22/07/2017,Office Supplies,6.3
4/9/2016,Office Supplies,279.9
4/9/2016,Technology,619.95
4/9/2016,Office Supplies,4.36
4/9/2016,Office Supplies,15.28
20/01/2015,Technology,699.93
20/01/2015,Office Supplies,22.96
20/01/2015,Furniture,38.6
20/01/2015,Office Supplies,6.63
20/01/2015,Office Supplies,23.34
20/01/2015,Furniture,1067.94
2/3/2016,Office Supplies,10.16
2/3/2016,Office Supplies,101.88
12/4/2017,Furniture,343.92
12/4/2017,Office Supplies,40.99
12/4/2017,Office Supplies,63.9
6/12/2017,Office Supplies,19.44
5/6/2017,Office Supplies,124.608
5/6/2017,Office Supplies,7.56
11/12/2017,Office Supplies,85.224
12/11/2017,Office Supplies,287.52
12/11/2017,Office Supplies,37.68
12/11/2017,Office Supplies,19.98
12/11/2017,Office Supplies,20.58
12/11/2017,Office Supplies,17.38
29/09/2015,Furniture,204.6
29/09/2015,Office Supplies,8.72
29/09/2015,Office Supplies,6.48
29/09/2015,Technology,686.32
29/09/2015,Office Supplies,62.18
4/4/2016,Office Supplies,644.076
4/4/2016,Office Supplies,5.84
4/4/2016,Office Supplies,12.76
4/4/2016,Technology,10.95
4/4/2016,Technology,599.98
8/5/2016,Furniture,8.352
31/12/2017,Office Supplies,3.64
31/12/2017,Office Supplies,159.768
20/12/2015,Office Supplies,122.48
20/12/2015,Furniture,2244.48
20/12/2015,Office Supplies,62.31
20/12/2015,Furniture,455.1
2/7/2017,Furniture,195.184
29/06/2018,Office Supplies,362.94
29/06/2018,Office Supplies,11.54
1/9/2015,Office Supplies,53.94
3/3/2015,Technology,9.99
3/3/2015,Office Supplies,125.76
3/3/2015,Office Supplies,25.32
4/5/2015,Office Supplies,46.8
2/11/2016,Technology,447.93
8/12/2018,Furniture,109.48
8/12/2018,Office Supplies,272.94
8/12/2018,Office Supplies,19.44
8/12/2018,Office Supplies,31.92
10/3/2015,Office Supplies,22.38
21/04/2015,Office Supplies,16.52
22/10/2016,Office Supplies,5.176
22/08/2016,Office Supplies,50.112
29/08/2017,Office Supplies,27.93
27/12/2015,Office Supplies,11.56
1/12/2017,Furniture,172.5
1/12/2017,Technology,179.97
24/04/2017,Technology,258.696
21/06/2015,Technology,1322.93
21/06/2015,Office Supplies,3.76
14/01/2018,Office Supplies,21.744
14/01/2018,Technology,7.92
24/11/2015,Office Supplies,12.096
24/11/2015,Office Supplies,485.88
24/11/2015,Office Supplies,25.92
24/11/2015,Office Supplies,197.58
26/02/2018,Office Supplies,81.92
26/02/2018,Technology,889.536
26/02/2018,Furniture,892.224
26/02/2018,Office Supplies,223.92
26/02/2018,Office Supplies,23.12
15/09/2016,Office Supplies,15.552
15/09/2016,Furniture,15.712
15/09/2016,Office Supplies,24.672
15/09/2016,Furniture,55.968
8/4/2017,Technology,431.928
8/4/2017,Furniture,95.984
8/4/2017,Office Supplies,1088.792
18/07/2017,Furniture,544.008
18/07/2017,Office Supplies,1.872
18/07/2017,Furniture,854.352
18/07/2017,Office Supplies,593.568
18/07/2017,Office Supplies,338.04
1/8/2018,Technology,271.96
14/07/2017,Office Supplies,11.21
14/07/2017,Office Supplies,9.144
14/07/2017,Office Supplies,14.07
14/07/2017,Office Supplies,41.86
14/07/2017,Office Supplies,8.544
14/07/2017,Furniture,579.136
9/9/2018,Furniture,141.372
9/9/2018,Office Supplies,3.036
9/9/2018,Office Supplies,4.503
9/9/2018,Office Supplies,4.672
9/9/2018,Technology,95.88
9/9/2018,Furniture,17.024
9/9/2018,Technology,258.696
9/9/2018,Technology,1931.958
12/7/2015,Office Supplies,249.75
12/7/2015,Technology,255.936
4/12/2017,Furniture,113.79
4/12/2017,Technology,78.15
4/12/2017,Office Supplies,1.728
4/12/2017,Office Supplies,40.56
4/12/2017,Office Supplies,182.94
4/12/2017,Office Supplies,193.86
6/11/2018,Office Supplies,15.28
6/11/2018,Furniture,8.73
6/11/2018,Office Supplies,5.68
31/10/2016,Office Supplies,2.78
31/10/2016,Office Supplies,79.96
30/05/2017,Technology,839.988
28/10/2017,Furniture,47.952
28/10/2017,Office Supplies,37.425
28/10/2017,Furniture,63.968
28/10/2017,Furniture,165.048
11/8/2015,Furniture,12.35
11/8/2015,Office Supplies,40.97
11/8/2015,Office Supplies,22.96
29/08/2017,Technology,22
15/02/2017,Office Supplies,398.352
15/02/2017,Office Supplies,8.72
14/05/2018,Office Supplies,48.69
12/12/2015,Furniture,764.688
12/12/2015,Furniture,3610.848
12/12/2015,Furniture,254.9745
18/12/2018,Office Supplies,38.82
18/12/2018,Furniture,1141.938
18/12/2018,Office Supplies,1704.56
18/12/2018,Office Supplies,3.2
4/7/2016,Technology,1099.96
10/3/2018,Office Supplies,5.248
10/3/2018,Technology,35.91
10/3/2018,Furniture,6.696
10/3/2018,Furniture,43.872
24/12/2017,Office Supplies,27.882
24/12/2017,Office Supplies,540.048
24/12/2017,Technology,255.68
23/10/2018,Technology,863.88
28/10/2017,Office Supplies,17.616
7/7/2018,Office Supplies,17.472
1/10/2017,Technology,69.9
1/10/2017,Furniture,41.85
2/9/2018,Office Supplies,6.57
24/12/2015,Office Supplies,142.86
24/12/2015,Furniture,292.272
23/09/2018,Furniture,29.328
4/6/2018,Office Supplies,12.48
21/04/2017,Office Supplies,102.336
21/04/2017,Office Supplies,48.792
21/04/2017,Office Supplies,44.848
26/05/2017,Office Supplies,10.368
26/05/2017,Furniture,388.43
26/05/2017,Office Supplies,14.352
26/05/2017,Technology,63.992
2/5/2017,Office Supplies,86.352
8/9/2015,Technology,32.97
8/9/2015,Technology,83.88
5/9/2017,Technology,278.4
9/4/2018,Office Supplies,15.12
9/4/2018,Office Supplies,17.43
9/4/2018,Office Supplies,251.64
6/12/2016,Office Supplies,2.772
26/06/2017,Office Supplies,14.9
4/7/2016,Office Supplies,15.48
22/11/2017,Furniture,39.88
22/11/2017,Office Supplies,12.192
22/11/2017,Office Supplies,20.82
10/11/2017,Office Supplies,13.216
10/11/2017,Office Supplies,32.4
27/08/2016,Office Supplies,32.94
27/08/2016,Office Supplies,114.2
27/08/2016,Office Supplies,3.08
25/05/2016,Office Supplies,845.728
30/12/2018,Office Supplies,13.904
30/12/2018,Office Supplies,20.72
8/12/2017,Technology,114.95
4/10/2016,Office Supplies,26.96
23/12/2017,Furniture,572.76
23/12/2017,Furniture,286.38
19/09/2016,Furniture,61.96
3/7/2018,Furniture,23.99
3/7/2018,Technology,287.97
14/07/2017,Technology,419.944
20/06/2017,Office Supplies,46.76
20/06/2017,Office Supplies,17.712
20/06/2017,Office Supplies,21.78
20/06/2017,Office Supplies,161.94
20/06/2017,Furniture,161.568
9/12/2017,Office Supplies,3.69
9/12/2017,Office Supplies,122.12
24/09/2017,Furniture,155.372
18/12/2017,Office Supplies,38.88
18/12/2017,Furniture,183.84
18/12/2017,Office Supplies,579.3
10/12/2018,Technology,14.2
1/7/2015,Technology,575.92
1/7/2015,Office Supplies,5.184
3/2/2018,Office Supplies,5.229
3/2/2018,Office Supplies,285.552
3/3/2018,Office Supplies,72.8
9/10/2018,Office Supplies,10.816
28/09/2015,Office Supplies,46.26
27/05/2015,Office Supplies,17.46
14/06/2016,Furniture,51.072
30/03/2017,Office Supplies,11.34
15/10/2018,Office Supplies,87.92
23/05/2017,Furniture,37.05
2/6/2018,Technology,2.97
2/6/2018,Office Supplies,27.44
16/02/2015,Office Supplies,1.08
16/02/2015,Office Supplies,7.96
6/5/2015,Office Supplies,140.736
16/05/2017,Office Supplies,552.56
2/4/2018,Furniture,25.11
31/03/2018,Furniture,29.78
31/03/2018,Technology,677.58
31/03/2018,Office Supplies,75.04
2/1/2018,Technology,695.7
2/1/2018,Office Supplies,15.66
2/1/2018,Office Supplies,28.854
28/05/2016,Office Supplies,47.82
28/05/2016,Office Supplies,13.05
17/03/2015,Office Supplies,93.78
17/03/2015,Office Supplies,47.18
17/03/2015,Office Supplies,19.68
17/03/2015,Office Supplies,53.4
17/03/2015,Office Supplies,35.88
3/10/2015,Furniture,258.279
28/03/2017,Office Supplies,31.4
4/5/2018,Technology,183.96
4/5/2018,Office Supplies,17.61
4/5/2018,Furniture,300.904
5/7/2015,Office Supplies,220.776
5/7/2015,Office Supplies,281.424
5/5/2017,Office Supplies,79.14
26/04/2018,Furniture,1.988
26/09/2015,Furniture,145.568
19/10/2018,Office Supplies,123.256
19/10/2018,Office Supplies,23.68
19/10/2018,Technology,309.576
10/11/2018,Office Supplies,38.388
10/11/2018,Technology,95.994
10/11/2018,Technology,239.952
10/11/2018,Technology,201.584
10/11/2018,Furniture,899.136
8/7/2018,Furniture,145.9
24/12/2016,Furniture,590.058
24/12/2016,Office Supplies,14.04
7/3/2018,Technology,49.08
1/4/2015,Office Supplies,29.6
1/4/2015,Office Supplies,17.088
14/09/2016,Furniture,912.75
4/8/2015,Office Supplies,1089.75
4/8/2015,Office Supplies,447.84
4/8/2015,Office Supplies,16.4
4/8/2015,Technology,399.96
4/8/2015,Office Supplies,158.9
4/8/2015,Office Supplies,13.184
3/9/2017,Furniture,83.952
5/2/2017,Office Supplies,80.98
5/2/2017,Office Supplies,348.84
5/2/2017,Office Supplies,9.45
5/2/2017,Furniture,18.84
5/2/2017,Furniture,239.98
5/2/2017,Office Supplies,167.96
5/2/2017,Technology,104.85
5/2/2017,Technology,484.83
5/2/2017,Office Supplies,122.97
5/2/2017,Office Supplies,154.44
5/2/2017,Office Supplies,342.37
3/7/2018,Office Supplies,9.552
9/10/2018,Furniture,652.45
9/10/2018,Furniture,66.645
24/11/2017,Office Supplies,17.216
24/11/2017,Office Supplies,11.56
24/11/2017,Technology,88.4
24/11/2017,Office Supplies,6.48
1/11/2017,Technology,21.8
1/11/2017,Office Supplies,251.79
19/04/2017,Furniture,205.176
19/04/2017,Office Supplies,419.4
6/4/2015,Office Supplies,10.304
6/4/2015,Furniture,154.764
6/4/2015,Technology,116.784
2/9/2017,Office Supplies,75.48
2/9/2017,Furniture,39.98
25/09/2017,Furniture,393.165
4/11/2018,Office Supplies,23.68
9/7/2017,Furniture,408.006
9/7/2017,Furniture,165.28
30/06/2015,Office Supplies,334.768
28/01/2018,Technology,239.97
28/01/2018,Furniture,37.74
21/09/2016,Technology,946.344
21/09/2016,Technology,151.2
21/09/2016,Furniture,4.928
26/09/2016,Office Supplies,86.272
26/09/2016,Office Supplies,72.588
26/09/2016,Office Supplies,60.672
26/09/2016,Office Supplies,77.031
26/09/2016,Office Supplies,119.904
26/09/2016,Technology,263.96
26/09/2016,Office Supplies,363.648
31/10/2016,Office Supplies,9.728
31/10/2016,Office Supplies,14.75
31/10/2016,Office Supplies,29.8
31/10/2016,Office Supplies,427.42
26/11/2018,Technology,220.752
19/12/2015,Office Supplies,152.76
19/12/2015,Office Supplies,7.27
19/12/2015,Furniture,1819.86
26/12/2017,Office Supplies,33.9
20/06/2018,Office Supplies,31.104
20/06/2018,Office Supplies,5.248
15/10/2016,Technology,263.88
15/10/2016,Furniture,2453.43
12/4/2018,Office Supplies,29.7
12/4/2018,Office Supplies,39.96
19/12/2018,Office Supplies,36.672
5/8/2018,Office Supplies,13.76
1/10/2016,Office Supplies,139.424
23/05/2017,Technology,1979.928
13/06/2018,Office Supplies,164.736
13/06/2018,Furniture,470.302
13/06/2018,Technology,47.984
23/04/2015,Office Supplies,2.502
1/5/2016,Technology,88.752
19/07/2016,Office Supplies,2.025
26/11/2017,Office Supplies,70.98
26/11/2017,Office Supplies,91.68
26/11/2017,Office Supplies,33.75
26/11/2017,Technology,3040
12/6/2018,Office Supplies,91.2
12/6/2018,Furniture,452.94
17/08/2016,Office Supplies,52.2
25/09/2017,Office Supplies,15.936
4/5/2015,Furniture,27.46
1/12/2016,Office Supplies,55.424
11/3/2017,Furniture,244.006
26/08/2017,Technology,159.984
26/08/2017,Furniture,1024.716
16/12/2017,Office Supplies,3.68
8/8/2015,Furniture,121.376
8/8/2015,Technology,95.976
16/05/2016,Technology,255.968
9/12/2018,Furniture,872.94
9/12/2018,Office Supplies,41.54
9/12/2018,Office Supplies,12.96
24/09/2016,Office Supplies,6.848
11/7/2018,Office Supplies,8.67
1/12/2016,Furniture,6.688
19/11/2017,Office Supplies,17.28
19/11/2017,Office Supplies,17.712
19/03/2018,Office Supplies,28.91
13/11/2017,Office Supplies,52.136
19/11/2018,Technology,31.968
2/12/2017,Office Supplies,25.92
2/12/2017,Office Supplies,40.46
2/12/2017,Office Supplies,33.87
25/08/2018,Office Supplies,9.728
25/08/2018,Office Supplies,3.424
14/10/2017,Technology,177
27/11/2015,Office Supplies,3.76
3/11/2016,Technology,1212.848
3/11/2016,Technology,89.97
3/11/2016,Furniture,42.6
29/11/2015,Office Supplies,5.04
30/04/2018,Office Supplies,62.96
24/11/2018,Office Supplies,5.88
24/11/2018,Furniture,977.292
30/10/2018,Furniture,9.64
17/12/2015,Office Supplies,40.05
4/9/2018,Office Supplies,10.192
4/9/2018,Office Supplies,16.784
4/9/2018,Office Supplies,13.12
17/10/2017,Office Supplies,18.16
12/11/2018,Office Supplies,16.056
12/11/2018,Office Supplies,223.056
12/11/2018,Office Supplies,540.048
24/11/2017,Technology,33.52
24/11/2017,Furniture,9.94
1/8/2016,Office Supplies,6.72
1/8/2016,Furniture,1004.976
24/12/2018,Office Supplies,17.88
17/09/2017,Technology,396
10/12/2018,Office Supplies,34.5
12/9/2018,Furniture,8.36
24/06/2018,Office Supplies,385.6
24/06/2018,Office Supplies,35.82
18/08/2018,Office Supplies,200.064
18/08/2018,Office Supplies,21.38
18/08/2018,Office Supplies,6.744
11/12/2018,Furniture,63.686
10/12/2018,Furniture,1669.6
3/2/2015,Office Supplies,83.84
3/2/2015,Office Supplies,13.272
11/2/2018,Office Supplies,21.336
16/04/2018,Office Supplies,16.52
6/12/2016,Furniture,206.112
6/12/2016,Office Supplies,19.92
6/12/2016,Office Supplies,198.272
6/12/2016,Office Supplies,247.104
6/12/2016,Office Supplies,86.304
22/07/2017,Office Supplies,4.16
22/07/2017,Furniture,11.648
7/11/2016,Office Supplies,26.18
7/11/2016,Office Supplies,7.3
26/03/2016,Office Supplies,74.352
31/08/2018,Office Supplies,10.744
31/08/2018,Office Supplies,8.376
4/12/2017,Office Supplies,212.88
10/2/2018,Furniture,203.983
29/10/2017,Office Supplies,40.74
29/10/2017,Office Supplies,11.67
15/09/2018,Technology,39.99
15/09/2018,Office Supplies,16.28
15/09/2018,Furniture,782.94
15/09/2018,Office Supplies,242.48
11/3/2015,Furniture,8.32
11/3/2015,Office Supplies,10.464
4/2/2015,Office Supplies,82.896
4/2/2015,Office Supplies,34.24
31/12/2015,Furniture,1573.488
23/11/2016,Office Supplies,335.52
23/11/2016,Office Supplies,23.912
23/11/2016,Office Supplies,27.056
6/7/2015,Technology,559.992
13/11/2018,Office Supplies,9.324
17/06/2017,Office Supplies,111.96
3/5/2015,Office Supplies,21.56
16/10/2018,Office Supplies,124.75
6/2/2016,Office Supplies,5.28
4/9/2018,Technology,91.96
9/5/2017,Office Supplies,9.344
9/5/2017,Office Supplies,79.36
16/03/2016,Furniture,171.96
9/4/2017,Office Supplies,35.352
4/4/2015,Office Supplies,18.9
5/9/2018,Office Supplies,2.78
30/06/2018,Furniture,1044.63
9/11/2016,Office Supplies,11.352
4/3/2015,Office Supplies,354.9
19/03/2016,Technology,453.576
29/11/2016,Technology,21.48
29/11/2016,Office Supplies,8.784
11/6/2018,Office Supplies,122.97
26/11/2018,Office Supplies,12.84
23/11/2015,Furniture,603.92
23/11/2015,Office Supplies,21.84
23/11/2015,Technology,29.99
23/11/2015,Furniture,381.44
15/12/2015,Technology,40.68
15/12/2015,Furniture,763.28
22/04/2017,Office Supplies,23.952
23/05/2017,Office Supplies,4.98
27/02/2017,Office Supplies,170.88
9/8/2016,Technology,307.98
9/8/2016,Furniture,382.806
9/8/2016,Office Supplies,41.96
9/8/2016,Office Supplies,1217.568
9/8/2016,Furniture,47.04
9/8/2016,Furniture,6.16
9/8/2016,Technology,979.95
9/8/2016,Office Supplies,143.7
9/8/2016,Office Supplies,10.65
9/8/2016,Technology,247.8
12/5/2017,Office Supplies,10.96
15/04/2017,Office Supplies,33.488
15/04/2017,Office Supplies,8.04
23/06/2016,Technology,201.568
19/10/2015,Office Supplies,13.44
24/03/2016,Furniture,359.058
8/5/2018,Furniture,47.992
16/10/2018,Furniture,547.3
19/11/2018,Office Supplies,16.896
19/11/2018,Office Supplies,6.672
19/11/2018,Office Supplies,99.136
19/11/2018,Furniture,15.992
8/5/2017,Furniture,211.96
11/12/2017,Office Supplies,6.672
30/11/2018,Office Supplies,155.94
19/04/2017,Technology,39.96
19/04/2017,Office Supplies,5.46
19/04/2017,Office Supplies,73.2
19/04/2017,Office Supplies,5.84
19/04/2017,Office Supplies,22.72
19/04/2017,Office Supplies,9.336
26/05/2015,Furniture,290.666
26/05/2015,Technology,201.584
26/05/2015,Technology,83.984
21/12/2018,Office Supplies,1000.02
15/03/2017,Technology,83.976
10/8/2016,Office Supplies,3.75
10/8/2016,Office Supplies,41.4
10/8/2016,Office Supplies,29.79
10/9/2017,Office Supplies,59.48
10/9/2017,Office Supplies,6.69
8/7/2018,Furniture,198.46
8/7/2018,Office Supplies,786.48
8/7/2018,Office Supplies,23.168
8/7/2018,Technology,50
19/12/2016,Technology,675.96
19/12/2016,Technology,1265.85
16/11/2016,Office Supplies,523.25
24/09/2016,Furniture,517.5
21/06/2018,Furniture,17.92
21/06/2018,Office Supplies,41.256
8/5/2017,Office Supplies,1006.056
8/5/2017,Office Supplies,10.688
8/5/2017,Office Supplies,10.368
8/5/2017,Office Supplies,25.12
8/5/2017,Technology,58.112
26/11/2015,Office Supplies,15.552
26/11/2015,Office Supplies,669.08
26/11/2015,Technology,438.336
26/05/2017,Office Supplies,19.44
26/05/2017,Office Supplies,9.64
26/05/2017,Office Supplies,12.7
26/05/2017,Furniture,41.37
29/11/2015,Office Supplies,12.624
19/03/2016,Office Supplies,1247.64
19/03/2016,Technology,3149.93
19/03/2016,Office Supplies,209.7
1/11/2016,Technology,35.36
1/11/2016,Office Supplies,3.168
26/09/2016,Office Supplies,121.104
26/09/2016,Technology,45.894
29/08/2015,Office Supplies,109.92
29/08/2015,Office Supplies,13.36
18/11/2018,Office Supplies,169.68
18/11/2018,Technology,132.52
18/11/2018,Office Supplies,2.96
18/11/2018,Office Supplies,8.448
18/11/2018,Office Supplies,95.94
12/5/2015,Furniture,34.79
20/01/2018,Technology,160.776
30/10/2018,Office Supplies,88.752
30/10/2018,Office Supplies,13.904
30/04/2018,Technology,677.58
30/04/2018,Office Supplies,13.896
24/11/2017,Office Supplies,41.92
24/11/2017,Technology,297.576
24/11/2017,Office Supplies,4.344
24/11/2017,Technology,94.992
24/11/2017,Office Supplies,74.352
24/11/2017,Office Supplies,14.04
10/1/2016,Furniture,1018.104
19/10/2018,Technology,16.68
22/03/2017,Technology,58.58
3/7/2018,Technology,167.968
11/12/2016,Office Supplies,196.62
17/09/2016,Furniture,21.936
17/09/2016,Office Supplies,6.588
18/05/2017,Office Supplies,104.28
18/05/2017,Office Supplies,17.94
7/9/2015,Office Supplies,64.784
7/9/2015,Technology,32.382
7/9/2015,Furniture,42.368
7/9/2015,Technology,399.54
29/09/2017,Office Supplies,18.97
7/11/2017,Furniture,14.82
24/04/2018,Office Supplies,99.28
24/04/2018,Office Supplies,1.188
24/04/2018,Office Supplies,7.518
10/12/2018,Office Supplies,10.368
10/12/2018,Furniture,310.88
16/08/2015,Furniture,853.092
9/12/2018,Office Supplies,33.45
9/12/2018,Office Supplies,10.4
14/03/2017,Furniture,21.88
26/06/2017,Technology,13.616
25/09/2016,Technology,63.96
25/09/2016,Office Supplies,14.46
25/09/2016,Technology,104.98
27/12/2016,Office Supplies,106.96
27/12/2016,Office Supplies,21.56
3/6/2015,Furniture,515.88
13/07/2016,Office Supplies,11.808
13/07/2016,Furniture,1931.04
13/07/2016,Office Supplies,9.96
2/2/2015,Office Supplies,12.35
8/3/2017,Office Supplies,9.702
22/11/2016,Office Supplies,11.61
30/10/2018,Office Supplies,43.86
30/10/2018,Technology,148.48
30/10/2018,Office Supplies,7.42
30/10/2018,Furniture,71.992
30/10/2018,Office Supplies,19.9
30/10/2018,Office Supplies,1702.12
30/01/2016,Office Supplies,14.304
8/9/2018,Furniture,765.625
7/10/2018,Furniture,307.666
30/04/2017,Office Supplies,7.712
19/05/2017,Office Supplies,242.9
19/05/2017,Office Supplies,454.9
19/05/2017,Furniture,35.92
19/05/2017,Furniture,39.76
19/05/2017,Office Supplies,47.744
20/12/2016,Technology,159.984
20/12/2016,Technology,255.968
20/12/2016,Furniture,359.058
19/12/2016,Office Supplies,434.352
19/12/2016,Office Supplies,3.552
19/12/2016,Office Supplies,88.832
29/04/2018,Furniture,1048.35
7/2/2017,Technology,100
7/2/2017,Office Supplies,7.83
28/09/2015,Office Supplies,96.256
28/09/2015,Office Supplies,10.688
10/7/2017,Office Supplies,338.04
10/7/2017,Office Supplies,154.24
29/07/2018,Office Supplies,34.848
29/07/2018,Technology,22
29/07/2018,Office Supplies,4.368
3/9/2016,Office Supplies,31.44
3/9/2016,Technology,17.9
3/9/2016,Technology,129.45
9/8/2015,Office Supplies,20.88
30/10/2018,Office Supplies,20.736
30/10/2018,Furniture,7.168
30/10/2018,Office Supplies,11.168
30/10/2018,Technology,442.4
6/6/2015,Office Supplies,13.36
13/08/2017,Office Supplies,11.232
13/08/2017,Office Supplies,10.272
25/04/2015,Office Supplies,10.368
25/04/2015,Office Supplies,6.24
22/11/2016,Furniture,206.962
14/10/2018,Furniture,9.46
2/12/2018,Office Supplies,559.62
2/12/2018,Office Supplies,109.92
2/12/2018,Office Supplies,8.56
8/12/2016,Office Supplies,360.712
8/12/2016,Technology,1718.4
13/07/2016,Office Supplies,41.568
11/5/2015,Technology,46.864
5/1/2015,Office Supplies,19.536
5/9/2016,Furniture,411.332
5/9/2016,Office Supplies,28.752
5/9/2016,Furniture,293.199
4/8/2017,Office Supplies,35.06
4/8/2017,Office Supplies,4.13
4/8/2017,Furniture,109.8
4/8/2017,Office Supplies,9.82
22/03/2015,Office Supplies,7.644
22/03/2015,Office Supplies,51.465
2/3/2018,Office Supplies,6.976
2/3/2018,Office Supplies,12.222
27/11/2017,Office Supplies,97.984
27/11/2017,Technology,62.4
28/04/2015,Office Supplies,20.86
28/04/2015,Office Supplies,497.61
28/04/2015,Office Supplies,5.34
28/04/2015,Office Supplies,3.15
24/11/2016,Office Supplies,368.91
24/11/2016,Office Supplies,14.7
11/11/2017,Technology,59.97
11/11/2017,Office Supplies,83.36
9/7/2016,Office Supplies,6.58
9/7/2016,Office Supplies,122.94
22/09/2018,Office Supplies,219.84
22/09/2018,Technology,98.16
22/09/2018,Office Supplies,33.04
22/09/2018,Technology,86.97
15/02/2016,Technology,134.97
15/02/2016,Technology,699.98
15/02/2016,Technology,139.95
30/09/2015,Office Supplies,48.94
1/12/2015,Furniture,2807.84
1/12/2015,Office Supplies,46.64
8/12/2015,Office Supplies,60.416
5/9/2017,Office Supplies,107.94
27/08/2018,Office Supplies,63.84
27/08/2018,Technology,347.97
27/08/2018,Office Supplies,37.008
7/7/2017,Furniture,215.65
8/8/2017,Office Supplies,11.168
8/8/2017,Office Supplies,53.952
13/11/2017,Furniture,4.18
22/09/2018,Office Supplies,5.607
22/09/2018,Office Supplies,4663.736
22/09/2018,Technology,79.984
25/12/2017,Technology,2575.944
25/12/2017,Office Supplies,45.36
25/12/2017,Technology,254.24
11/2/2017,Technology,69.93
23/10/2017,Furniture,16.156
23/10/2017,Office Supplies,54.816
9/6/2015,Furniture,1441.3
20/11/2018,Furniture,77.6
20/11/2018,Furniture,4.656
14/09/2016,Furniture,170.136
4/6/2016,Office Supplies,7.38
4/6/2016,Office Supplies,9.26
13/12/2016,Office Supplies,9.96
25/05/2015,Office Supplies,75.6
25/05/2015,Furniture,29.32
16/02/2017,Office Supplies,92.064
16/02/2017,Office Supplies,6.976
16/02/2017,Furniture,62.958
16/02/2017,Office Supplies,5.184
22/12/2017,Office Supplies,31.32
22/12/2017,Furniture,11.84
22/12/2017,Furniture,22.784
8/2/2017,Technology,1127.976
13/07/2016,Office Supplies,38.88
18/05/2015,Technology,779.796
21/10/2018,Technology,1439.92
21/10/2018,Furniture,262.11
5/11/2016,Furniture,207
1/8/2018,Technology,1439.982
1/8/2018,Office Supplies,36.288
21/06/2015,Office Supplies,21.4
19/02/2018,Office Supplies,1245.86
1/8/2015,Office Supplies,17.544
1/8/2015,Furniture,44.128
1/8/2015,Office Supplies,62.92
1/8/2015,Office Supplies,78.304
18/07/2017,Furniture,140.81
9/2/2016,Office Supplies,40.096
9/2/2016,Furniture,40.784
29/07/2018,Technology,90.57
12/1/2018,Office Supplies,40.08
12/1/2018,Furniture,37.68
10/9/2018,Furniture,362.352
10/9/2018,Office Supplies,7.184
20/07/2016,Office Supplies,34.76
20/07/2016,Technology,831.2
20/07/2016,Office Supplies,26.4
20/07/2016,Office Supplies,106.75
20/07/2016,Office Supplies,97.82
20/07/2016,Office Supplies,141.4
13/06/2015,Office Supplies,14.52
12/5/2018,Office Supplies,127.92
12/5/2018,Office Supplies,34.24
3/9/2016,Office Supplies,137.62
3/9/2016,Technology,100.49
26/03/2018,Furniture,257.568
26/03/2018,Technology,119.96
12/11/2015,Office Supplies,49.632
13/10/2017,Furniture,727.45
13/10/2017,Furniture,24.96
12/11/2018,Technology,370.782
15/04/2018,Furniture,196.45
25/06/2016,Office Supplies,31.104
25/06/2016,Office Supplies,78.256
26/08/2017,Office Supplies,6.48
21/07/2015,Office Supplies,99.2
21/07/2015,Furniture,801.568
21/07/2015,Furniture,272.848
21/11/2018,Furniture,70.98
4/6/2015,Office Supplies,16.224
10/3/2017,Furniture,176.784
25/03/2018,Technology,470.376
29/12/2018,Furniture,393.568
29/12/2018,Technology,302.376
28/03/2018,Office Supplies,68.742
5/3/2016,Office Supplies,29.34
5/3/2016,Furniture,383.607
5/3/2016,Office Supplies,563.4
13/11/2017,Office Supplies,217.056
19/01/2018,Office Supplies,6
22/04/2017,Furniture,31.56
13/05/2015,Office Supplies,7.104
13/05/2015,Office Supplies,398.352
21/10/2015,Office Supplies,121.792
21/10/2015,Furniture,409.59
14/03/2015,Office Supplies,10.56
14/03/2015,Office Supplies,3.38
22/12/2018,Office Supplies,7.824
24/11/2017,Office Supplies,24.784
2/12/2018,Office Supplies,34.65
31/12/2016,Office Supplies,487.984
3/10/2018,Office Supplies,1793.98
29/08/2015,Office Supplies,29.808
29/08/2015,Office Supplies,505.176
29/08/2015,Furniture,174.0585
29/06/2017,Office Supplies,191.88
20/08/2017,Technology,14.78
21/10/2018,Office Supplies,5.184
21/10/2018,Furniture,478.48
21/10/2018,Technology,28.4
21/10/2018,Office Supplies,909.12
17/05/2017,Office Supplies,2.952
17/05/2017,Office Supplies,27.018
3/2/2016,Furniture,136.92
18/12/2018,Furniture,18.96
15/11/2017,Technology,99.39
3/7/2018,Office Supplies,273.896
3/7/2018,Technology,597.132
15/01/2015,Technology,149.95
30/04/2018,Office Supplies,4.608
30/04/2018,Office Supplies,15.528
30/04/2018,Office Supplies,11.952
8/11/2016,Office Supplies,11.65
30/10/2016,Technology,299.9
17/08/2018,Office Supplies,895.92
17/08/2018,Furniture,462.564
3/10/2016,Office Supplies,15.008
8/7/2017,Technology,863.64
8/7/2017,Office Supplies,47.616
5/12/2018,Office Supplies,92.94
9/3/2018,Technology,199.98
9/6/2017,Technology,177.48
28/11/2018,Office Supplies,88.768
16/03/2018,Office Supplies,6.48
16/03/2018,Office Supplies,46.51
16/03/2018,Technology,659.976
27/11/2017,Technology,271.992
6/8/2018,Furniture,145.74
6/8/2018,Furniture,15.4
27/11/2018,Office Supplies,244.55
27/11/2018,Technology,166.16
25/05/2016,Furniture,14.73
8/7/2017,Office Supplies,19.968
8/7/2017,Office Supplies,33.488
8/7/2017,Office Supplies,8.736
8/7/2017,Furniture,662.88
29/08/2018,Office Supplies,47.36
29/08/2018,Office Supplies,27.44
29/08/2018,Office Supplies,3.24
20/06/2017,Technology,95.968
20/06/2017,Office Supplies,10.368
2/9/2018,Office Supplies,23.1
2/9/2018,Furniture,11.54
2/9/2018,Furniture,254.526
2/9/2018,Office Supplies,12.98
2/9/2018,Office Supplies,26.432
2/9/2018,Technology,197.97
2/9/2018,Office Supplies,18.9
2/9/2018,Furniture,1282.41
2/9/2018,Office Supplies,4.92
2/9/2018,Technology,238
2/9/2018,Technology,167.97
2/9/2018,Office Supplies,17.12
10/9/2018,Office Supplies,16.2
10/9/2018,Office Supplies,33.99
10/9/2018,Technology,296.85
10/9/2018,Technology,112.8
10/9/2018,Office Supplies,13.71
10/9/2018,Office Supplies,24.9
10/9/2018,Office Supplies,286.29
10/9/2018,Office Supplies,24.18
21/12/2018,Technology,281.97
21/12/2018,Office Supplies,69.5
21/12/2018,Office Supplies,166.44
23/09/2018,Technology,291.96
6/5/2018,Office Supplies,6.408
6/5/2018,Technology,408.744
14/12/2015,Office Supplies,5.104
14/12/2015,Office Supplies,2.896
14/12/2015,Technology,35.016
18/10/2015,Office Supplies,275.97
18/10/2015,Technology,1394.95
18/10/2015,Furniture,545.88
8/5/2016,Office Supplies,5.248
14/04/2017,Furniture,933.536
14/04/2017,Office Supplies,42.976
14/12/2016,Office Supplies,3.76
3/12/2015,Technology,479.96
25/11/2015,Office Supplies,320.88
25/11/2015,Furniture,23.88
25/11/2015,Office Supplies,26.76
25/07/2017,Technology,1439.976
9/11/2016,Office Supplies,17.22
9/11/2016,Furniture,1024.38
9/11/2016,Office Supplies,26.22
9/11/2016,Office Supplies,17.34
24/02/2018,Office Supplies,4.956
25/06/2018,Office Supplies,71.04
25/06/2018,Office Supplies,5.344
25/06/2018,Office Supplies,11.304
2/12/2018,Office Supplies,294.62
2/12/2018,Furniture,8.752
6/2/2015,Office Supplies,15
6/2/2015,Technology,161.61
6/2/2015,Technology,144.95
11/4/2018,Technology,199.95
11/4/2018,Office Supplies,41.86
25/12/2018,Office Supplies,95.94
25/12/2018,Furniture,304.45
11/4/2018,Office Supplies,11.364
31/12/2015,Office Supplies,29.68
31/12/2015,Technology,47.53
3/8/2018,Furniture,183.372
15/11/2015,Office Supplies,4.224
15/11/2015,Office Supplies,333.056
15/11/2015,Office Supplies,24.896
11/12/2016,Technology,159.984
11/12/2016,Office Supplies,46.344
18/09/2017,Furniture,350.98
18/09/2017,Office Supplies,13.08
18/09/2017,Office Supplies,900.08
19/03/2016,Office Supplies,17.568
19/03/2016,Office Supplies,14.62
19/03/2016,Office Supplies,33.36
19/03/2016,Office Supplies,40.14
19/09/2017,Office Supplies,1606.23
19/09/2017,Office Supplies,17.04
19/09/2017,Office Supplies,49.53
19/09/2017,Furniture,872.32
20/08/2018,Office Supplies,239.12
13/03/2016,Furniture,141.96
8/9/2017,Office Supplies,33.024
8/9/2017,Office Supplies,67.136
26/11/2016,Office Supplies,14.73
26/11/2016,Office Supplies,104.9
26/11/2016,Office Supplies,61.04
26/11/2016,Office Supplies,10.95
9/12/2017,Office Supplies,9.392
9/12/2017,Office Supplies,9.328
25/09/2018,Office Supplies,8.26
25/09/2018,Furniture,269.97
23/01/2016,Office Supplies,29.04
23/01/2016,Office Supplies,14.62
18/06/2016,Office Supplies,11.952
18/06/2016,Office Supplies,4.536
18/06/2016,Office Supplies,9.156
18/06/2016,Furniture,75.36
2/10/2016,Office Supplies,57.504
18/11/2018,Office Supplies,38.864
17/08/2015,Office Supplies,15.552
17/07/2017,Office Supplies,162.64
17/07/2017,Technology,597
17/07/2017,Office Supplies,55.48
11/7/2016,Furniture,289.8
11/7/2016,Office Supplies,2.502
11/7/2016,Office Supplies,6.48
11/7/2016,Furniture,341.488
11/7/2016,Office Supplies,11.12
11/7/2016,Furniture,25.344
1/12/2017,Furniture,17.31
22/12/2018,Technology,199.95
22/12/2018,Furniture,1586.69
22/12/2018,Technology,84.99
22/12/2018,Furniture,411.8
31/10/2015,Office Supplies,11.34
31/10/2015,Office Supplies,80.3
31/10/2015,Office Supplies,15.968
31/10/2015,Office Supplies,64.74
31/10/2015,Office Supplies,19.296
31/10/2015,Office Supplies,405.64
31/10/2015,Furniture,146.352
31/10/2015,Technology,251.91
31/10/2015,Office Supplies,12.39
13/04/2016,Technology,199.96
13/04/2016,Furniture,710.832
21/07/2017,Office Supplies,1.941
20/11/2018,Furniture,283.92
26/11/2017,Office Supplies,7.312
7/11/2018,Technology,59.97
7/11/2018,Technology,761.544
1/12/2015,Furniture,58.2
12/9/2018,Office Supplies,39.9
12/9/2018,Office Supplies,90.86
12/9/2018,Office Supplies,94.85
24/12/2016,Office Supplies,106.232
24/12/2016,Technology,111.984
24/12/2016,Furniture,7.712
23/02/2018,Office Supplies,37.44
23/11/2015,Office Supplies,23.68
23/06/2017,Office Supplies,122.12
23/06/2017,Office Supplies,18.45
23/06/2017,Office Supplies,324.9
23/06/2017,Office Supplies,146.73
23/06/2017,Office Supplies,3.96
26/10/2016,Office Supplies,5.76
15/07/2018,Office Supplies,26.55
15/07/2018,Furniture,310.443
17/11/2015,Furniture,479.9
13/04/2016,Office Supplies,12.88
25/11/2016,Office Supplies,13.12
15/05/2017,Office Supplies,511.84
15/05/2017,Office Supplies,91.96
15/05/2017,Office Supplies,8.34
7/9/2018,Office Supplies,37.68
7/9/2018,Technology,279.944
10/3/2015,Office Supplies,636.408
10/3/2015,Office Supplies,83.168
18/07/2015,Furniture,259.136
24/03/2018,Office Supplies,221.92
24/03/2018,Technology,26
30/09/2015,Office Supplies,15.552
26/09/2015,Office Supplies,0.876
31/10/2016,Office Supplies,19.98
31/10/2016,Office Supplies,398.352
31/10/2016,Office Supplies,5.04
31/10/2016,Office Supplies,17.45
31/10/2016,Furniture,323.136
31/10/2016,Office Supplies,29.7
31/10/2016,Technology,1295.84
31/10/2016,Office Supplies,46.84
31/10/2016,Furniture,425.833
12/10/2016,Furniture,209.67
19/09/2017,Office Supplies,159.88
13/04/2018,Office Supplies,5.28
13/04/2018,Office Supplies,895.92
7/1/2018,Office Supplies,2.808
9/11/2018,Furniture,215.976
22/09/2018,Furniture,241.96
22/09/2018,Office Supplies,27.72
1/12/2018,Office Supplies,104.68
1/12/2018,Technology,62.958
23/06/2015,Technology,86.376
4/10/2016,Furniture,64.944
4/10/2016,Office Supplies,20.736
20/05/2015,Office Supplies,33.28
20/05/2015,Office Supplies,38.52
20/05/2015,Furniture,139.86
20/11/2016,Office Supplies,19.65
30/11/2016,Office Supplies,152.991
30/11/2016,Office Supplies,10.584
30/11/2016,Technology,94.92
31/12/2016,Furniture,14.76
31/12/2016,Office Supplies,3.656
16/11/2018,Office Supplies,146.82
6/6/2015,Office Supplies,149.544
6/6/2015,Office Supplies,17.14
6/6/2015,Furniture,991.764
1/9/2017,Office Supplies,30.48
1/9/2017,Technology,23.988
1/9/2017,Office Supplies,16.688
25/06/2017,Furniture,422.058
25/06/2017,Office Supplies,38.088
25/06/2017,Office Supplies,254.352
12/12/2015,Furniture,43.31
31/03/2018,Technology,84.95
19/11/2018,Furniture,233.058
24/11/2015,Technology,111.79
22/11/2016,Office Supplies,14.94
14/07/2017,Office Supplies,14.16
30/04/2017,Furniture,22.608
25/07/2017,Office Supplies,21.48
22/06/2015,Office Supplies,501.81
22/06/2015,Office Supplies,161.94
21/10/2018,Office Supplies,17.856
3/9/2017,Office Supplies,8.808
14/05/2017,Furniture,79.384
7/1/2017,Office Supplies,34.58
13/03/2018,Office Supplies,314.55
13/10/2017,Technology,191.976
13/10/2017,Office Supplies,8.288
13/10/2017,Furniture,139.92
13/10/2017,Office Supplies,15.872
13/10/2017,Office Supplies,6.286
27/01/2018,Office Supplies,14.016
27/01/2018,Technology,71.976
27/01/2018,Technology,107.982
19/11/2018,Furniture,305.312
1/8/2015,Office Supplies,19.752
30/07/2017,Office Supplies,9.264
30/07/2016,Office Supplies,61.792
15/10/2017,Office Supplies,45.68
15/10/2017,Office Supplies,60.12
15/10/2017,Office Supplies,41.72
15/10/2017,Office Supplies,71.6
7/5/2017,Office Supplies,85.232
7/5/2017,Office Supplies,44.4
7/5/2017,Furniture,442.764
7/5/2017,Technology,3999.95
7/5/2017,Technology,199.95
7/5/2017,Furniture,63.68
1/8/2018,Office Supplies,54.896
14/07/2017,Technology,29
10/8/2018,Office Supplies,70.08
10/8/2018,Furniture,121.3
10/8/2018,Technology,1454.49
25/06/2017,Office Supplies,60.81
10/12/2017,Office Supplies,153.552
10/12/2017,Office Supplies,65.34
10/12/2017,Office Supplies,123.92
10/12/2017,Office Supplies,35.1
10/12/2017,Technology,44.75
1/12/2017,Office Supplies,4.704
28/11/2015,Office Supplies,14.67
28/03/2016,Office Supplies,15.552
28/03/2016,Office Supplies,5.232
1/6/2015,Furniture,22.2
1/6/2015,Technology,881.93
6/9/2016,Office Supplies,6.096
6/9/2016,Furniture,191.82
29/06/2016,Furniture,20.104
10/9/2017,Office Supplies,67.56
14/07/2015,Office Supplies,29.932
14/07/2015,Technology,38.272
22/08/2016,Office Supplies,16.52
14/11/2015,Technology,832.93
14/11/2015,Office Supplies,43.8
27/11/2017,Office Supplies,167.292
21/11/2018,Furniture,27.42
1/10/2018,Office Supplies,1.44
1/10/2018,Office Supplies,61.776
1/10/2018,Office Supplies,241.96
1/10/2018,Furniture,108.608
20/09/2015,Office Supplies,2.816
28/07/2018,Office Supplies,9.984
28/07/2018,Office Supplies,14.98
28/07/2018,Technology,1145.6
6/12/2016,Technology,485.94
6/12/2016,Office Supplies,37.376
6/12/2016,Furniture,70.686
31/07/2018,Office Supplies,54.816
19/03/2017,Furniture,72.294
29/07/2018,Office Supplies,2.896
29/07/2018,Technology,124.792
1/10/2017,Furniture,330.588
31/03/2015,Office Supplies,673.568
31/03/2015,Office Supplies,52.98
26/06/2018,Furniture,526.45
9/7/2018,Office Supplies,228.92
14/12/2016,Technology,319.968
5/12/2018,Technology,205.03
15/09/2016,Office Supplies,190.86
15/09/2016,Office Supplies,24.32
15/07/2017,Office Supplies,44.4
20/04/2018,Furniture,44.4
15/11/2017,Office Supplies,1016.792
15/11/2017,Office Supplies,38.136
26/11/2017,Technology,494.982
21/11/2018,Office Supplies,56.56
21/11/2018,Office Supplies,5.56
21/11/2018,Office Supplies,9.02
21/11/2018,Office Supplies,8.62
21/11/2018,Technology,659.976
15/02/2016,Office Supplies,13.36
15/02/2016,Office Supplies,41.72
15/02/2016,Office Supplies,11.52
15/02/2016,Office Supplies,541.44
15/02/2016,Office Supplies,19.44
15/04/2017,Office Supplies,143.7
28/09/2016,Office Supplies,43.26
28/09/2016,Office Supplies,43.56
17/09/2017,Technology,437.85
17/09/2017,Furniture,109.48
16/06/2018,Furniture,1212.96
16/06/2018,Office Supplies,18.54
8/11/2016,Office Supplies,5
8/11/2016,Technology,371.97
18/12/2016,Technology,166.24
6/2/2018,Furniture,359.97
14/11/2017,Technology,499.98
14/11/2017,Office Supplies,5.28
14/11/2017,Office Supplies,8.26
12/10/2018,Office Supplies,7.968
17/09/2018,Office Supplies,12.96
20/12/2018,Office Supplies,6.48
20/12/2018,Office Supplies,6.984
2/12/2018,Office Supplies,47.96
21/09/2016,Office Supplies,199.74
6/3/2016,Furniture,435.26
6/3/2016,Technology,1119.984
3/10/2015,Furniture,143.432
3/10/2015,Furniture,122.352
27/06/2015,Office Supplies,306.2
27/06/2015,Furniture,85.98
27/06/2015,Technology,223.96
30/10/2018,Furniture,97.568
30/10/2018,Furniture,614.272
30/10/2018,Furniture,199.98
3/9/2017,Office Supplies,48.16
5/3/2016,Technology,23.92
5/3/2016,Office Supplies,60.69
5/5/2017,Office Supplies,14.352
17/11/2018,Office Supplies,35.04
1/6/2018,Office Supplies,17.48
10/6/2018,Office Supplies,16.4
8/1/2018,Furniture,892.98
20/04/2016,Technology,287.97
20/04/2016,Furniture,595.38
20/04/2016,Office Supplies,12.96
1/11/2016,Technology,4.95
23/12/2018,Furniture,181.95
1/11/2016,Office Supplies,13.52
1/11/2016,Furniture,259.7
1/11/2016,Technology,42.95
1/11/2016,Technology,1399.93
1/11/2016,Technology,503.96
14/11/2015,Office Supplies,12.72
14/11/2015,Office Supplies,11.52
17/01/2017,Technology,316
17/09/2018,Furniture,723.92
17/09/2018,Office Supplies,106.32
23/12/2017,Furniture,141.372
6/8/2016,Office Supplies,27.216
5/11/2018,Technology,390.75
11/6/2018,Furniture,280.792
11/6/2018,Office Supplies,68.448
11/6/2018,Office Supplies,88.04
11/6/2018,Office Supplies,15.872
11/6/2018,Office Supplies,215.592
20/07/2018,Office Supplies,14.62
20/07/2018,Office Supplies,416.32
20/07/2018,Office Supplies,43
20/07/2018,Furniture,182.94
20/07/2018,Office Supplies,60.83
20/07/2018,Technology,389.97
23/12/2016,Office Supplies,194.32
20/03/2018,Technology,265.93
31/12/2016,Office Supplies,94.74
31/12/2016,Office Supplies,60.64
31/12/2016,Office Supplies,76.3
31/12/2016,Office Supplies,364.8
15/09/2016,Office Supplies,79.872
15/09/2016,Furniture,46.384
15/09/2016,Office Supplies,12.96
23/09/2018,Office Supplies,14.352
25/12/2016,Furniture,547.136
24/09/2017,Office Supplies,41.96
24/09/2017,Office Supplies,41.7
21/03/2018,Office Supplies,277.4
21/03/2018,Office Supplies,5.78
30/09/2015,Office Supplies,69.216
10/12/2018,Office Supplies,10.86
10/12/2018,Office Supplies,426.79
23/08/2015,Office Supplies,25.92
23/08/2015,Office Supplies,45.92
19/08/2015,Office Supplies,10.72
10/11/2017,Office Supplies,41.86
31/12/2015,Furniture,63.2
31/12/2015,Technology,113.97
26/07/2015,Office Supplies,123.552
22/02/2017,Office Supplies,490.32
13/03/2017,Office Supplies,70.08
13/03/2017,Office Supplies,1.272
13/03/2017,Furniture,557.585
2/12/2018,Office Supplies,9.024
2/12/2018,Office Supplies,69.456
2/12/2018,Office Supplies,10.86
2/12/2018,Office Supplies,79.47
2/12/2018,Office Supplies,10.08
31/08/2016,Furniture,1552.831
31/08/2016,Office Supplies,137.24
31/08/2016,Technology,36.51
31/08/2016,Technology,239.976
17/03/2015,Furniture,1579.746
17/03/2015,Furniture,1071.576
17/03/2015,Furniture,613.908
17/03/2015,Office Supplies,34.86
17/03/2015,Office Supplies,155.04
16/04/2018,Office Supplies,13.71
13/03/2017,Furniture,127.88
13/03/2017,Office Supplies,160.32
13/03/2017,Office Supplies,46
24/11/2015,Furniture,120.712
10/2/2018,Office Supplies,23.12
23/09/2017,Furniture,532.704
23/09/2017,Office Supplies,4.912
7/7/2018,Technology,252
7/7/2017,Furniture,60.288
7/7/2017,Office Supplies,2.632
7/7/2017,Office Supplies,23.688
7/7/2017,Furniture,253.372
24/01/2018,Office Supplies,5.67
19/08/2015,Office Supplies,76.776
19/08/2015,Office Supplies,9.184
6/12/2016,Office Supplies,32.75
6/5/2017,Office Supplies,7.216
6/5/2017,Office Supplies,49.568
6/5/2017,Furniture,54.712
25/03/2018,Office Supplies,176.04
25/03/2018,Office Supplies,16.02
25/03/2018,Office Supplies,185.92
25/03/2018,Technology,211.168
25/03/2018,Technology,479.984
12/12/2016,Office Supplies,7.86
12/12/2016,Office Supplies,24.448
6/12/2016,Office Supplies,6.48
6/12/2016,Office Supplies,41.86
6/12/2016,Technology,1619.91
6/12/2016,Furniture,113.92
17/03/2017,Office Supplies,39.68
14/11/2016,Technology,37.6
14/11/2016,Technology,59.9
14/11/2016,Office Supplies,37
14/08/2018,Office Supplies,5.76
14/08/2018,Office Supplies,16.68
9/9/2018,Office Supplies,628.81
9/9/2018,Office Supplies,56.45
1/4/2018,Office Supplies,94.2
1/4/2018,Office Supplies,28.4
27/09/2017,Furniture,956.6648
7/10/2018,Technology,1115.91
7/10/2018,Technology,128.744
7/10/2018,Technology,79.92
20/01/2018,Office Supplies,24.2
20/01/2018,Technology,359.976
23/03/2018,Furniture,211.84
1/8/2015,Office Supplies,5.68
7/6/2016,Office Supplies,7.52
12/11/2015,Office Supplies,11.96
12/11/2015,Furniture,629.064
29/12/2017,Furniture,754.45
6/7/2016,Furniture,301.96
12/10/2018,Technology,595
12/10/2018,Office Supplies,79.872
21/05/2017,Technology,2396.4
9/11/2018,Office Supplies,63.56
9/11/2018,Technology,99.99
18/04/2017,Office Supplies,230.376
18/04/2017,Office Supplies,9.664
25/12/2018,Technology,158.928
25/12/2018,Office Supplies,13.023
25/12/2018,Furniture,273.06
25/12/2018,Office Supplies,39.312
11/6/2017,Office Supplies,1.344
11/6/2017,Office Supplies,8.272
11/6/2017,Furniture,12.544
13/05/2018,Office Supplies,58.48
28/12/2018,Furniture,7.4
25/03/2015,Furniture,366.786
28/05/2018,Technology,54.368
14/11/2016,Office Supplies,33.96
14/11/2016,Office Supplies,826.11
3/7/2018,Furniture,545.85
18/11/2015,Furniture,145.98
18/11/2015,Office Supplies,35.808
17/07/2018,Furniture,7.904
22/05/2017,Technology,345
22/05/2017,Furniture,174.286
22/05/2017,Office Supplies,662.84
22/05/2017,Technology,95.1
22/05/2017,Office Supplies,26.88
22/05/2017,Technology,257.98
25/09/2016,Office Supplies,17.48
31/10/2017,Furniture,492.835
14/09/2016,Office Supplies,269.49
5/11/2017,Office Supplies,29.12
17/03/2018,Office Supplies,18.75
17/03/2018,Technology,119.7
17/03/2018,Office Supplies,9.144
17/03/2018,Technology,57.06
17/03/2018,Technology,71.6
17/03/2018,Office Supplies,107.44
17/03/2018,Office Supplies,7.31
17/03/2018,Office Supplies,59.1
17/03/2018,Office Supplies,46.53
15/08/2018,Office Supplies,97.84
11/7/2016,Office Supplies,29.97
11/7/2016,Office Supplies,98.352
3/12/2018,Office Supplies,83.92
3/12/2018,Office Supplies,14.624
3/12/2018,Technology,136.99
3/12/2018,Office Supplies,3.15
4/5/2018,Office Supplies,9.11
4/5/2018,Office Supplies,571.44
4/5/2018,Office Supplies,32.4
4/5/2018,Office Supplies,16.91
22/01/2017,Furniture,14.272
22/01/2017,Furniture,451.136
22/01/2017,Office Supplies,64.864
3/11/2017,Furniture,217.584
3/11/2017,Technology,82.95
3/11/2017,Office Supplies,87.71
3/11/2017,Office Supplies,1101.48
4/9/2018,Furniture,1322.352
13/09/2015,Office Supplies,5.46
19/06/2018,Office Supplies,11.184
19/06/2018,Office Supplies,153.584
24/12/2018,Office Supplies,1003.62
28/08/2018,Technology,35.168
28/08/2018,Furniture,1137.75
28/08/2018,Office Supplies,99.68
28/08/2018,Office Supplies,5.56
2/1/2016,Office Supplies,85.52
2/1/2016,Office Supplies,9.84
2/1/2016,Office Supplies,20.04
9/10/2016,Technology,631.96
9/10/2016,Office Supplies,23.92
13/12/2015,Office Supplies,90.24
19/11/2015,Technology,4548.81
10/9/2017,Furniture,300.93
10/9/2017,Technology,719.96
16/06/2015,Furniture,647.84
26/09/2016,Office Supplies,64.17
26/09/2016,Office Supplies,124.46
19/05/2017,Office Supplies,9.584
22/06/2018,Office Supplies,37.608
17/06/2018,Office Supplies,12.224
17/06/2018,Office Supplies,2.304
17/06/2018,Office Supplies,9.36
14/11/2017,Office Supplies,7.38
25/07/2015,Office Supplies,53.72
25/07/2015,Office Supplies,8187.65
25/07/2015,Furniture,77.92
2/7/2016,Office Supplies,32.784
2/3/2018,Technology,196.776
2/3/2018,Technology,479.94
18/11/2017,Office Supplies,1117.92
18/04/2016,Technology,106.5
2/12/2018,Office Supplies,45.66
11/11/2017,Technology,95.968
11/11/2017,Furniture,47.992
5/9/2015,Office Supplies,264.32
15/11/2015,Office Supplies,604.656
2/5/2018,Furniture,129.93
15/10/2017,Office Supplies,20.16
15/10/2017,Office Supplies,29.46
15/10/2017,Office Supplies,868.59
15/10/2017,Office Supplies,12.96
15/10/2017,Technology,5.5
15/10/2017,Office Supplies,121.6
6/4/2016,Office Supplies,42.048
6/4/2016,Technology,25.488
6/4/2016,Office Supplies,6.9
6/4/2016,Office Supplies,9.648
6/4/2016,Office Supplies,7.968
24/10/2015,Office Supplies,10.368
17/08/2015,Office Supplies,114.2
17/08/2015,Office Supplies,17.96
17/08/2015,Office Supplies,12.67
17/08/2015,Technology,339.96
15/08/2018,Office Supplies,1801.632
6/9/2016,Technology,46.32
27/01/2016,Furniture,181.986
27/01/2016,Technology,431.976
27/01/2016,Technology,155.37
16/07/2016,Furniture,1348.704
16/07/2016,Furniture,700.152
30/04/2017,Furniture,111.888
26/09/2015,Office Supplies,143.952
8/9/2017,Furniture,173.94
8/9/2017,Office Supplies,14.76
16/04/2018,Office Supplies,205.92
16/04/2018,Furniture,102.833
16/08/2016,Office Supplies,2.304
16/08/2016,Technology,1879.96
16/08/2016,Office Supplies,313.024
16/08/2016,Office Supplies,5.04
19/11/2018,Furniture,821.88
19/11/2018,Office Supplies,21.96
14/09/2017,Office Supplies,25.92
15/08/2017,Technology,705.544
26/09/2016,Technology,50
8/10/2017,Furniture,51.712
24/03/2016,Office Supplies,6.992
31/05/2016,Furniture,1406.86
31/05/2016,Office Supplies,15.75
31/05/2016,Office Supplies,323.1
25/12/2016,Office Supplies,9.216
25/12/2016,Office Supplies,10.368
17/03/2016,Technology,15.02
17/03/2016,Office Supplies,33.82
21/12/2018,Technology,71
1/11/2018,Office Supplies,25.12
1/11/2018,Furniture,2665.62
7/9/2018,Office Supplies,478.08
27/12/2018,Technology,164.388
27/12/2018,Office Supplies,13.248
16/07/2018,Office Supplies,2.912
12/8/2017,Technology,1399.944
9/7/2018,Furniture,526.45
22/11/2015,Office Supplies,16.23
22/11/2015,Office Supplies,319.9
22/11/2015,Office Supplies,11.36
22/11/2015,Office Supplies,675.12
26/01/2015,Furniture,62.82
26/01/2015,Office Supplies,489.92
26/01/2015,Office Supplies,19.44
26/01/2015,Office Supplies,16.68
26/01/2015,Technology,155.35
26/01/2015,Furniture,12.42
26/01/2015,Technology,187.98
3/11/2016,Office Supplies,6.608
30/06/2018,Office Supplies,248.57
30/06/2018,Furniture,22.23
5/5/2017,Office Supplies,5.98
5/5/2017,Technology,246.168
8/9/2017,Furniture,14.136
8/9/2017,Furniture,601.47
24/11/2018,Technology,79.1
24/11/2018,Office Supplies,327.84
13/05/2018,Office Supplies,180.96
13/05/2018,Office Supplies,914.97
13/05/2018,Technology,587.97
13/05/2018,Office Supplies,530.34
13/05/2018,Office Supplies,14.94
23/04/2018,Office Supplies,121.94
23/04/2018,Office Supplies,122.71
4/6/2017,Office Supplies,14.94
4/6/2017,Technology,1349.85
4/6/2017,Furniture,136.784
4/6/2017,Furniture,61.12
16/12/2015,Office Supplies,1.167
4/3/2017,Office Supplies,16.99
25/11/2015,Technology,24.672
25/11/2015,Office Supplies,2.52
25/11/2015,Furniture,1218.735
25/11/2015,Office Supplies,5.904
25/11/2015,Office Supplies,15.696
25/11/2015,Furniture,6.096
28/04/2017,Furniture,41.568
26/04/2015,Furniture,230.28
26/04/2015,Office Supplies,18.288
1/4/2018,Office Supplies,5.78
1/4/2018,Office Supplies,121.68
22/12/2018,Office Supplies,4.17
22/12/2018,Technology,67.04
22/12/2018,Office Supplies,37.32
22/12/2018,Office Supplies,18.45
3/12/2015,Office Supplies,25.92
22/10/2018,Technology,11199.968
22/10/2018,Technology,2399.6
22/10/2018,Office Supplies,63.9
22/10/2018,Technology,52.99
13/11/2018,Technology,60.864
13/11/2018,Technology,652.995
13/11/2018,Office Supplies,11.22
10/9/2016,Office Supplies,14.94
15/05/2018,Furniture,39.96
15/05/2018,Furniture,42.624
15/05/2018,Furniture,220.96
5/7/2016,Furniture,4.928
5/7/2016,Office Supplies,7.23
15/08/2016,Office Supplies,323.1
12/6/2018,Office Supplies,19.04
12/6/2018,Office Supplies,13.128
12/6/2018,Office Supplies,64.14
12/6/2018,Furniture,858.24
20/02/2016,Technology,29.99
29/12/2017,Office Supplies,186.048
17/04/2017,Technology,36.792
17/04/2017,Furniture,18.624
7/9/2015,Furniture,57.69
7/9/2015,Office Supplies,42.81
7/9/2015,Office Supplies,12.96
7/9/2015,Furniture,821.88
7/9/2015,Technology,104.85
26/09/2017,Furniture,424.9575
17/09/2018,Office Supplies,10.776
17/09/2018,Office Supplies,11.784
17/09/2018,Office Supplies,164.88
17/09/2018,Furniture,1292.94
17/09/2018,Office Supplies,25.584
17/09/2018,Office Supplies,261.74
17/09/2018,Office Supplies,14.4
16/08/2017,Office Supplies,10.86
24/12/2016,Furniture,883.84
28/11/2018,Technology,1979.89
28/11/2018,Office Supplies,79.96
14/04/2018,Office Supplies,8.76
1/5/2017,Office Supplies,3.984
1/5/2017,Furniture,370.62
1/5/2017,Office Supplies,2.742
1/10/2017,Technology,79.512
1/10/2017,Office Supplies,28.352
25/08/2016,Furniture,40.784
25/08/2016,Office Supplies,105.96
9/9/2015,Office Supplies,166.44
9/9/2015,Furniture,785.88
9/9/2015,Office Supplies,26.2
9/9/2015,Office Supplies,1325.85
3/12/2018,Office Supplies,166.44
27/11/2018,Office Supplies,8.76
27/11/2018,Office Supplies,43.584
21/06/2015,Office Supplies,11.088
21/06/2015,Office Supplies,25.164
21/01/2018,Office Supplies,14.4
21/01/2018,Technology,619.95
21/01/2018,Office Supplies,89.52
21/01/2018,Technology,350.973
21/01/2018,Technology,164.99
29/06/2018,Office Supplies,312.552
6/9/2017,Office Supplies,95.952
6/9/2017,Office Supplies,3.204
4/8/2017,Office Supplies,3.98
12/11/2016,Office Supplies,15.7
30/06/2015,Office Supplies,5.248
4/12/2018,Office Supplies,5.346
28/08/2017,Office Supplies,15.48
28/08/2017,Technology,108.576
22/01/2017,Furniture,109.9
15/10/2015,Furniture,15.384
7/2/2017,Office Supplies,30.352
18/03/2015,Technology,821.3
18/03/2015,Technology,22638.48
18/03/2015,Office Supplies,21.376
18/03/2015,Office Supplies,8.016
18/03/2015,Furniture,30.768
18/03/2015,Office Supplies,18.936
18/03/2015,Furniture,122.352
24/05/2015,Office Supplies,116.28
11/7/2018,Technology,132.6
16/06/2018,Office Supplies,16.68
16/06/2018,Office Supplies,19.44
16/06/2018,Office Supplies,192.16
30/01/2016,Furniture,227.36
30/01/2016,Technology,1919.976
11/12/2016,Office Supplies,12.828
9/10/2018,Furniture,45.888
29/07/2018,Office Supplies,60.12
25/04/2015,Technology,302.376
1/12/2016,Office Supplies,13.9
4/12/2015,Technology,129.98
26/08/2018,Technology,71.98
7/9/2015,Technology,377.97
21/12/2018,Office Supplies,124.36
6/12/2015,Furniture,23.976
4/11/2015,Office Supplies,8.376
4/11/2015,Office Supplies,58.24
14/04/2017,Office Supplies,81.2
4/10/2015,Office Supplies,14.45
4/10/2015,Office Supplies,95.648
7/11/2018,Technology,359.97
7/11/2018,Furniture,350.352
22/12/2018,Office Supplies,1.641
22/12/2018,Technology,629.958
13/02/2018,Office Supplies,6.63
13/02/2018,Technology,799.96
13/02/2018,Furniture,107.53
2/7/2015,Technology,73.98
2/7/2015,Office Supplies,5.58
21/02/2016,Office Supplies,49.12
13/11/2016,Technology,377.97
13/11/2016,Office Supplies,42.28
13/11/2016,Furniture,299.97
13/11/2016,Technology,89.98
16/04/2018,Office Supplies,477.24
16/04/2018,Technology,25.98
25/02/2017,Office Supplies,46.72
4/11/2015,Furniture,35.34
20/06/2016,Furniture,257.64
20/06/2016,Technology,125.976
7/8/2018,Technology,79.992
12/5/2015,Furniture,700.056
22/11/2016,Technology,27.168
4/12/2016,Office Supplies,8.226
8/6/2015,Furniture,585.552
8/8/2015,Office Supplies,423.28
26/05/2015,Furniture,225.296
17/04/2016,Office Supplies,5.56
17/04/2016,Technology,323.37
17/04/2016,Technology,783.96
17/04/2016,Office Supplies,1447.65
17/04/2016,Office Supplies,11.96
11/6/2017,Technology,239.97
11/3/2017,Furniture,76.92
11/3/2017,Office Supplies,481.32
26/05/2015,Office Supplies,48.4
12/10/2018,Technology,0.99
12/10/2018,Office Supplies,101.84
22/06/2018,Office Supplies,10.332
22/06/2018,Office Supplies,31.155
22/06/2018,Office Supplies,8.928
15/01/2018,Office Supplies,34.384
15/01/2018,Office Supplies,1924.16
2/4/2016,Office Supplies,32.192
2/4/2016,Technology,50.12
2/4/2016,Technology,47.976
3/9/2017,Office Supplies,54.5
10/12/2018,Furniture,19.104
22/11/2017,Office Supplies,49.44
11/11/2018,Office Supplies,10.368
21/10/2017,Office Supplies,154.44
21/12/2016,Office Supplies,60.984
17/07/2016,Furniture,195.466
30/04/2018,Furniture,23.68
30/04/2018,Technology,2.376
6/5/2018,Office Supplies,59.2
20/11/2018,Office Supplies,22
11/11/2017,Technology,257.98
5/11/2017,Technology,23.988
9/10/2017,Technology,23.976
21/09/2016,Furniture,601.536
21/09/2016,Office Supplies,7.9
2/12/2015,Furniture,58.36
2/12/2015,Office Supplies,16.464
2/12/2015,Furniture,39.96
21/09/2015,Office Supplies,25.96
21/09/2015,Office Supplies,36.27
21/09/2015,Office Supplies,6.48
12/4/2015,Technology,1075.088
12/4/2015,Technology,438.368
12/4/2015,Office Supplies,18.088
12/4/2015,Furniture,308.499
20/10/2018,Office Supplies,13.36
20/10/2018,Office Supplies,39.96
20/10/2018,Office Supplies,145.85
25/10/2017,Technology,783.96
1/11/2016,Office Supplies,7.88
3/11/2018,Furniture,41.37
12/5/2016,Office Supplies,12.84
12/5/2016,Office Supplies,25.68
7/9/2016,Furniture,47.516
25/07/2016,Office Supplies,9.42
25/07/2016,Office Supplies,12.96
25/07/2016,Furniture,704.9
25/07/2016,Furniture,561.568
16/11/2016,Office Supplies,179.82
16/11/2016,Furniture,185.58
16/11/2016,Furniture,214.11
16/11/2016,Technology,999.96
16/11/2016,Furniture,653.55
1/9/2016,Office Supplies,114.6
1/9/2016,Furniture,60.74
1/9/2016,Furniture,124.36
1/9/2016,Office Supplies,1088.76
5/5/2017,Office Supplies,6.72
5/5/2017,Furniture,298.776
31/12/2017,Technology,302.376
18/09/2018,Office Supplies,8.928
18/09/2018,Office Supplies,47.584
25/09/2015,Office Supplies,33.792
25/09/2015,Furniture,300.5328
25/09/2015,Office Supplies,2.724
25/09/2015,Office Supplies,3.264
23/04/2017,Office Supplies,108.336
23/04/2017,Office Supplies,55.92
23/04/2017,Office Supplies,78.304
1/11/2015,Office Supplies,443.92
1/11/2015,Technology,155.976
26/01/2018,Office Supplies,15.47
26/01/2018,Office Supplies,7.16
11/11/2018,Office Supplies,10.89
11/11/2018,Office Supplies,19.44
11/11/2018,Office Supplies,121.6
9/6/2017,Technology,695.7
3/9/2016,Office Supplies,120.33
14/03/2015,Furniture,1139.92
31/08/2018,Office Supplies,229.544
23/03/2018,Office Supplies,143.728
18/05/2018,Technology,36.048
27/12/2017,Furniture,845.488
17/11/2018,Office Supplies,50.94
10/9/2018,Office Supplies,762.594
8/4/2018,Furniture,56.28
8/4/2018,Office Supplies,2690.97
28/11/2017,Office Supplies,7.434
2/6/2017,Office Supplies,64.784
17/12/2018,Office Supplies,28.16
19/03/2017,Furniture,14.98
19/03/2017,Furniture,20.32
20/08/2018,Office Supplies,40.29
25/07/2018,Office Supplies,20.23
26/08/2017,Furniture,1603.136
15/08/2017,Furniture,225.296
19/05/2018,Technology,67.8
19/05/2018,Technology,377.97
19/05/2018,Furniture,1628.82
19/05/2018,Office Supplies,286.93
12/8/2018,Office Supplies,20.736
13/08/2018,Office Supplies,31.44
13/08/2018,Office Supplies,83.79
13/08/2018,Office Supplies,59.52
13/08/2018,Office Supplies,31.92
10/11/2017,Office Supplies,14.72
10/11/2017,Office Supplies,38.976
12/6/2018,Furniture,17.088
22/03/2015,Office Supplies,74.352
22/03/2015,Furniture,314.352
15/06/2018,Office Supplies,4.26
16/11/2018,Office Supplies,811.28
29/12/2018,Office Supplies,6.03
21/01/2017,Furniture,153.568
21/01/2017,Furniture,1013.488
15/01/2017,Office Supplies,52.34
15/01/2017,Office Supplies,4.66
15/01/2017,Technology,254.97
19/09/2017,Office Supplies,25.44
19/09/2017,Office Supplies,27.93
21/02/2015,Office Supplies,8.85
11/11/2017,Furniture,6.96
30/01/2017,Office Supplies,17.456
18/10/2017,Furniture,307.92
18/12/2018,Office Supplies,6.63
18/12/2018,Office Supplies,12.96
18/12/2018,Office Supplies,32.4
2/11/2018,Office Supplies,23.85
29/04/2015,Furniture,51.96
29/04/2015,Office Supplies,17.94
23/10/2018,Office Supplies,11.56
23/10/2018,Office Supplies,26.4
23/10/2018,Furniture,69.08
23/10/2018,Technology,35.88
30/03/2015,Office Supplies,49.65
4/1/2017,Technology,959.968
26/04/2016,Furniture,408.422
12/9/2016,Technology,479.984
12/9/2016,Office Supplies,12.6
11/9/2018,Office Supplies,184.66
12/6/2017,Office Supplies,23.12
27/06/2017,Office Supplies,37.464
27/06/2017,Furniture,539.658
26/09/2015,Office Supplies,310.12
3/11/2018,Office Supplies,8.56
3/11/2018,Office Supplies,52.4
3/11/2018,Office Supplies,14.94
19/02/2018,Office Supplies,11.22
5/11/2016,Office Supplies,387.136
16/06/2015,Office Supplies,41.4
16/06/2015,Office Supplies,35
16/06/2015,Office Supplies,39.552
12/10/2016,Technology,135.72
12/10/2016,Office Supplies,12.56
12/10/2016,Technology,263.96
27/08/2018,Office Supplies,5.952
23/11/2017,Office Supplies,15.8
23/11/2017,Furniture,14.368
23/11/2017,Furniture,70.448
30/01/2018,Office Supplies,129.3
30/11/2016,Office Supplies,3.882
28/06/2015,Office Supplies,6.08
2/9/2015,Office Supplies,19.9
2/9/2015,Furniture,70.71
10/7/2018,Furniture,18.84
4/6/2018,Office Supplies,8.64
19/10/2018,Office Supplies,1633.188
18/11/2018,Furniture,19.76
8/8/2016,Office Supplies,6.608
8/8/2016,Office Supplies,7.28
8/8/2016,Furniture,144.784
6/12/2017,Technology,156.792
6/12/2017,Technology,431.976
6/12/2017,Office Supplies,35.89
6/12/2017,Office Supplies,47.208
6/12/2017,Office Supplies,248.08
6/12/2017,Office Supplies,189.7
6/12/2017,Office Supplies,59.808
25/03/2018,Furniture,90.99
25/03/2018,Furniture,1526.56
25/03/2018,Furniture,368.97
19/11/2018,Office Supplies,305.01
19/11/2018,Furniture,18.7
4/11/2017,Furniture,38.29
14/12/2018,Furniture,26.25
14/12/2018,Office Supplies,64.96
14/12/2018,Office Supplies,43.7
12/11/2018,Technology,41.6
12/11/2018,Office Supplies,23.12
12/11/2018,Furniture,113.888
12/11/2018,Furniture,113.568
12/11/2018,Technology,7.92
12/11/2018,Technology,671.984
18/08/2017,Technology,39.99
27/06/2018,Furniture,191.646
4/5/2018,Office Supplies,2.313
24/12/2016,Office Supplies,19.936
24/12/2016,Office Supplies,45.92
26/04/2018,Office Supplies,20.34
26/04/2018,Office Supplies,39.28
16/12/2018,Furniture,81.568
16/12/2018,Furniture,97.184
16/12/2018,Office Supplies,24.32
16/12/2018,Furniture,18.96
27/12/2015,Furniture,32.952
27/12/2015,Office Supplies,30.016
6/11/2018,Office Supplies,499.584
6/11/2018,Office Supplies,31.104
6/11/2018,Office Supplies,13.272
6/11/2018,Furniture,28.272
6/11/2018,Office Supplies,259.136
16/12/2018,Office Supplies,10.8
7/5/2016,Furniture,244.006
7/5/2016,Office Supplies,15.936
4/12/2018,Furniture,188.552
3/10/2018,Office Supplies,22.58
13/01/2015,Furniture,545.94
12/6/2016,Office Supplies,20.736
12/6/2016,Furniture,43.296
12/7/2015,Furniture,123.136
12/7/2015,Office Supplies,11.264
6/12/2015,Office Supplies,53.424
6/12/2015,Furniture,275.49
25/05/2017,Furniture,24.96
25/05/2017,Office Supplies,19.36
25/05/2017,Office Supplies,1267.65
21/02/2017,Technology,12.99
21/02/2017,Office Supplies,18.56
21/02/2017,Office Supplies,449.15
21/02/2017,Office Supplies,31.248
2/10/2017,Office Supplies,61.44
11/3/2018,Office Supplies,895.92
9/9/2017,Office Supplies,55.36
14/07/2015,Office Supplies,55.92
21/06/2015,Office Supplies,24.896
21/06/2015,Furniture,3.984
21/06/2015,Technology,95.968
21/06/2015,Technology,206.991
21/06/2015,Office Supplies,44.416
21/06/2015,Office Supplies,9.006
5/7/2016,Office Supplies,19
16/12/2018,Office Supplies,33.376
8/9/2017,Office Supplies,207.48
17/05/2015,Office Supplies,91.68
13/10/2018,Office Supplies,904.9
24/10/2015,Office Supplies,34.272
5/12/2017,Furniture,191.82
25/07/2017,Office Supplies,243.88
17/04/2018,Office Supplies,12.03
17/04/2018,Technology,2549.985
17/04/2018,Office Supplies,21.594
17/04/2018,Office Supplies,8.964
17/04/2018,Office Supplies,20.736
17/09/2016,Furniture,344.22
23/08/2017,Office Supplies,727.296
23/08/2017,Furniture,22.608
23/08/2017,Technology,666.4
8/11/2016,Office Supplies,5.04
8/11/2016,Office Supplies,92.94
8/11/2016,Furniture,66.69
8/11/2016,Office Supplies,91.68
17/11/2018,Furniture,327.7328
8/11/2016,Office Supplies,52.272
8/11/2016,Office Supplies,17.94
22/04/2018,Furniture,254.352
24/08/2015,Office Supplies,8.288
17/12/2018,Furniture,504.9
24/03/2017,Technology,403.168
21/09/2016,Furniture,194.32
21/09/2016,Office Supplies,25.99
21/11/2017,Furniture,195.136
16/09/2018,Office Supplies,20.736
11/6/2016,Technology,53.7
11/6/2016,Office Supplies,36.26
11/6/2016,Office Supplies,56.3
11/6/2016,Office Supplies,32.4
11/6/2016,Furniture,29.16
3/10/2018,Furniture,171.288
5/5/2017,Furniture,16.72
11/9/2018,Office Supplies,12.96
11/9/2018,Office Supplies,22.18
11/9/2018,Furniture,2054.272
30/04/2016,Technology,1022.97
6/11/2018,Office Supplies,13.9
6/11/2018,Office Supplies,26.38
30/09/2015,Office Supplies,43.176
2/4/2018,Furniture,411.8
2/4/2018,Technology,360
6/10/2018,Furniture,41.96
6/10/2018,Office Supplies,227.84
6/10/2018,Office Supplies,37.94
9/4/2017,Technology,517.9
9/4/2017,Office Supplies,5.28
28/08/2016,Technology,2799.96
19/10/2018,Office Supplies,8.96
19/10/2018,Office Supplies,31.5
19/10/2018,Furniture,30.56
19/10/2018,Furniture,24.368
7/11/2017,Technology,119.976
3/3/2018,Office Supplies,26.88
27/11/2016,Technology,83.97
27/11/2016,Technology,104.97
13/03/2018,Office Supplies,90.8
13/03/2018,Technology,140.736
13/03/2018,Technology,214.95
13/03/2018,Office Supplies,45.36
13/03/2018,Office Supplies,288.24
30/11/2018,Office Supplies,663.936
17/11/2015,Office Supplies,2934.33
17/11/2015,Furniture,124.41
17/11/2015,Office Supplies,57.75
3/1/2017,Office Supplies,114.46
3/10/2016,Furniture,120.666
20/07/2015,Office Supplies,342.864
20/07/2015,Furniture,16.74
20/07/2015,Furniture,981.372
21/05/2015,Office Supplies,31.84
4/9/2018,Office Supplies,12.96
4/9/2018,Technology,43.176
27/05/2018,Office Supplies,58.34
27/05/2018,Technology,539.97
28/01/2015,Office Supplies,3.928
9/2/2018,Office Supplies,252.784
9/2/2018,Technology,127.984
9/2/2018,Furniture,3.984
9/2/2018,Office Supplies,12.992
31/03/2018,Furniture,61
31/03/2018,Technology,671.93
3/3/2017,Office Supplies,447.86
3/3/2017,Technology,479.95
3/3/2017,Office Supplies,166.44
23/08/2016,Office Supplies,31.68
23/08/2016,Office Supplies,10.368
23/08/2016,Office Supplies,12.032
23/08/2016,Office Supplies,5.768
27/04/2018,Office Supplies,33.12
27/04/2018,Furniture,220.2656
14/04/2018,Office Supplies,10.776
14/04/2018,Furniture,242.352
22/12/2018,Office Supplies,695.16
22/12/2018,Furniture,220.98
8/12/2017,Office Supplies,12.957
23/03/2018,Office Supplies,25.68
25/07/2017,Office Supplies,15.712
10/7/2018,Office Supplies,298.464
17/07/2017,Office Supplies,21.93
17/07/2017,Office Supplies,242.94
17/07/2017,Office Supplies,7.64
17/07/2017,Office Supplies,51.84
17/07/2017,Office Supplies,265.17
23/08/2017,Technology,837.6
23/08/2017,Office Supplies,135.9
23/08/2017,Office Supplies,34.68
23/08/2017,Furniture,532.704
23/08/2017,Office Supplies,43.1
23/08/2017,Office Supplies,15.88
11/6/2016,Furniture,1123.92
11/6/2016,Technology,249.584
11/6/2016,Furniture,48.672
11/6/2016,Office Supplies,60.768
11/6/2016,Office Supplies,78.6
11/6/2016,Office Supplies,3.768
11/6/2016,Office Supplies,1036.624
11/6/2016,Office Supplies,563.808
8/9/2018,Technology,258.528
2/10/2018,Office Supplies,49.12
16/12/2015,Furniture,44.46
16/12/2015,Furniture,241.568
16/12/2015,Technology,395
16/12/2015,Technology,627.168
24/08/2015,Furniture,13.28
24/08/2015,Office Supplies,12.672
12/11/2018,Office Supplies,30.56
12/11/2018,Office Supplies,77.952
12/11/2018,Technology,67.992
12/11/2018,Office Supplies,12.224
12/11/2018,Technology,44.784
12/11/2018,Furniture,22.848
25/04/2016,Office Supplies,206.43
12/12/2015,Office Supplies,210.392
25/09/2018,Technology,119.96
25/09/2018,Office Supplies,10.608
5/9/2017,Furniture,347.802
11/2/2018,Furniture,963.136
11/2/2018,Technology,88.776
30/06/2015,Office Supplies,32.4
7/6/2017,Office Supplies,32.4
20/12/2015,Office Supplies,31.05
15/12/2016,Technology,2025.36
15/12/2016,Technology,1799.994
15/12/2016,Technology,101.988
15/12/2016,Furniture,262.864
20/07/2018,Office Supplies,735.98
3/8/2015,Office Supplies,93.024
24/08/2016,Furniture,284.364
24/08/2016,Technology,26
26/03/2017,Office Supplies,67.64
26/03/2017,Technology,119.976
12/9/2015,Office Supplies,5.18
21/09/2015,Office Supplies,15.56
21/09/2015,Office Supplies,78.35
21/09/2015,Office Supplies,59.52
21/09/2015,Office Supplies,38.52
21/09/2015,Technology,239.984
21/09/2015,Office Supplies,19.35
29/10/2017,Furniture,67
28/05/2017,Furniture,390.272
28/05/2017,Office Supplies,62.192
21/12/2018,Office Supplies,23.88
21/03/2017,Office Supplies,3.168
21/03/2017,Furniture,528.43
21/03/2017,Office Supplies,13.392
11/11/2018,Office Supplies,181.86
23/09/2018,Furniture,180.588
23/09/2018,Technology,47.984
10/9/2018,Office Supplies,18.76
5/12/2018,Furniture,20.94
5/12/2018,Furniture,58.68
5/12/2018,Office Supplies,254.9
9/11/2018,Office Supplies,9.64
9/11/2018,Technology,826.62
9/11/2018,Office Supplies,1633.14
9/11/2018,Office Supplies,544.38
7/11/2015,Office Supplies,26.046
7/11/2015,Office Supplies,74.352
12/3/2018,Technology,69.93
20/10/2018,Office Supplies,3.75
20/10/2018,Office Supplies,20.928
27/12/2016,Office Supplies,12.672
2/10/2018,Technology,65.99
4/6/2018,Office Supplies,6.37
1/9/2015,Office Supplies,3.648
1/9/2015,Office Supplies,31.104
8/8/2017,Office Supplies,23.34
22/07/2018,Technology,29.97
10/7/2016,Office Supplies,3.366
1/12/2015,Technology,95.968
18/12/2018,Office Supplies,18.704
18/05/2015,Furniture,149.232
18/05/2015,Office Supplies,15.936
10/11/2015,Technology,601.536
10/11/2015,Technology,10.99
10/11/2015,Furniture,39.88
10/11/2015,Office Supplies,62.24
10/11/2015,Furniture,53.2
10/11/2015,Office Supplies,39.84
9/1/2017,Technology,349.95
9/1/2017,Technology,377.928
22/09/2018,Office Supplies,13.392
22/09/2018,Office Supplies,11.228
23/12/2015,Office Supplies,207.24
26/05/2017,Office Supplies,1.504
26/05/2017,Office Supplies,34.848
8/7/2018,Office Supplies,75.18
13/05/2015,Technology,149.97
10/11/2018,Office Supplies,931.176
10/11/2018,Technology,430.88
2/10/2016,Office Supplies,94.85
2/10/2016,Office Supplies,51.12
2/10/2016,Technology,90
2/10/2015,Office Supplies,9.408
2/10/2015,Office Supplies,4.672
2/10/2015,Technology,318.4
2/10/2015,Office Supplies,12.768
2/10/2015,Office Supplies,15.36
2/10/2015,Technology,230.376
2/10/2015,Technology,7.16
11/8/2015,Office Supplies,375.34
1/9/2018,Furniture,114.9
16/04/2018,Office Supplies,26.046
16/04/2018,Office Supplies,2.896
16/04/2018,Office Supplies,32.544
24/04/2017,Office Supplies,3.984
15/01/2017,Furniture,181.797
2/5/2017,Office Supplies,44.94
2/5/2017,Office Supplies,45.576
20/11/2017,Furniture,318.43
20/11/2017,Technology,122.92
20/11/2017,Furniture,7.068
1/2/2017,Office Supplies,56.45
31/03/2018,Office Supplies,13.468
1/12/2018,Technology,219.8
1/12/2018,Furniture,317.058
10/12/2018,Technology,49.08
10/12/2018,Office Supplies,324.9
10/12/2018,Office Supplies,18.24
17/09/2017,Furniture,113.888
17/09/2017,Technology,105.584
23/12/2017,Office Supplies,24.85
17/04/2018,Furniture,60.312
27/10/2018,Office Supplies,7.056
27/10/2018,Technology,27.184
8/7/2017,Technology,107.984
8/7/2017,Office Supplies,19.296
9/8/2016,Office Supplies,4.608
9/12/2017,Furniture,79.974
9/12/2017,Office Supplies,2.946
13/11/2017,Office Supplies,3.136
14/11/2015,Office Supplies,20.736
17/11/2015,Technology,99.98
17/11/2015,Office Supplies,733.95
17/11/2015,Office Supplies,241.44
4/3/2017,Office Supplies,10.08
11/10/2015,Office Supplies,281.904
11/10/2015,Office Supplies,201.432
22/05/2015,Technology,135.98
22/05/2015,Technology,44.95
15/07/2015,Technology,2.97
15/07/2015,Office Supplies,6.54
27/12/2016,Technology,7.92
9/2/2016,Furniture,203.92
8/5/2018,Technology,3359.952
2/11/2018,Office Supplies,18.24
2/11/2018,Office Supplies,27.78
5/4/2015,Office Supplies,22.96
5/4/2015,Technology,28.99
5/4/2015,Office Supplies,12.96
5/4/2015,Office Supplies,22.96
5/4/2015,Office Supplies,4164.05
17/09/2015,Technology,47.984
17/09/2015,Office Supplies,4.624
30/09/2015,Furniture,15.24
12/9/2015,Office Supplies,63.924
20/02/2018,Office Supplies,6.56
20/02/2018,Office Supplies,13.11
13/12/2016,Technology,494.376
13/12/2016,Office Supplies,29.2
13/12/2016,Technology,248.85
13/12/2016,Technology,36.24
30/10/2017,Office Supplies,11.68
26/12/2015,Office Supplies,11.91
26/12/2015,Furniture,3.48
15/08/2015,Office Supplies,30.96
1/10/2018,Technology,1704.89
23/05/2016,Office Supplies,19.194
23/05/2016,Office Supplies,121.792
16/11/2018,Technology,1919.976
18/11/2015,Office Supplies,50.997
18/11/2015,Office Supplies,76.792
18/11/2015,Technology,539.964
18/11/2015,Furniture,60.312
18/11/2015,Office Supplies,1.944
30/12/2015,Office Supplies,12.984
30/12/2015,Technology,217.584
30/12/2015,Technology,328.776
30/12/2015,Office Supplies,2.286
30/12/2015,Technology,47.984
5/11/2016,Office Supplies,25.344
17/09/2017,Office Supplies,232.4
20/03/2017,Furniture,86.45
27/09/2015,Furniture,603.92
27/09/2015,Office Supplies,81.98
24/12/2018,Furniture,271.764
24/12/2018,Office Supplies,14.376
10/11/2018,Furniture,341.96
11/9/2016,Office Supplies,181.35
11/9/2016,Office Supplies,8.64
20/12/2015,Office Supplies,43.512
20/12/2015,Furniture,662.88
20/12/2015,Office Supplies,25.92
23/07/2016,Office Supplies,68.94
23/07/2016,Furniture,128.82
11/11/2015,Office Supplies,896.99
11/11/2015,Office Supplies,1.234
11/11/2015,Office Supplies,67.56
11/11/2015,Office Supplies,21.72
11/11/2015,Office Supplies,262.336
11/11/2015,Technology,148.48
11/11/2015,Technology,241.176
14/12/2018,Technology,227.976
14/12/2018,Technology,52.68
14/12/2018,Furniture,2.032
21/08/2018,Office Supplies,17.12
21/08/2018,Technology,431.968
21/08/2018,Furniture,129.92
21/08/2018,Furniture,568.728
21/08/2018,Office Supplies,117.144
21/08/2018,Office Supplies,203.52
21/08/2018,Office Supplies,51.75
27/08/2017,Office Supplies,122.97
27/08/2017,Furniture,244.615
27/08/2017,Technology,59.97
27/08/2017,Office Supplies,81.54
27/08/2017,Office Supplies,11.68
27/08/2017,Office Supplies,29
13/08/2016,Office Supplies,50.8
5/11/2018,Office Supplies,16.03
17/08/2017,Office Supplies,15.712
26/12/2017,Technology,89.97
23/09/2015,Furniture,435.999
23/09/2015,Technology,83.984
19/07/2015,Technology,359.98
19/07/2015,Furniture,70.56
19/07/2015,Office Supplies,20.88
19/07/2015,Office Supplies,3.81
7/9/2018,Office Supplies,73.008
6/5/2017,Office Supplies,3.208
6/5/2017,Technology,26.176
4/6/2016,Office Supplies,30.44
4/6/2016,Furniture,35.28
13/12/2016,Office Supplies,19.44
13/12/2016,Office Supplies,37.88
16/07/2017,Furniture,9.552
31/01/2015,Furniture,290.666
9/7/2015,Office Supplies,10.368
9/7/2015,Office Supplies,14.352
21/11/2016,Furniture,141.96
21/11/2016,Office Supplies,66.048
25/03/2017,Technology,1287.45
23/09/2018,Office Supplies,25.824
23/09/2018,Office Supplies,160.96
4/12/2016,Furniture,28.44
4/12/2016,Furniture,364.41
4/12/2016,Technology,39.96
4/12/2016,Furniture,361.764
1/11/2017,Office Supplies,111.672
17/03/2018,Office Supplies,13.776
17/03/2018,Office Supplies,10.272
23/11/2018,Furniture,24.048
27/08/2018,Office Supplies,2.896
4/12/2016,Office Supplies,17.94
4/12/2016,Furniture,384.174
4/12/2016,Technology,1799.75
7/10/2018,Office Supplies,580.672
7/10/2018,Office Supplies,18.936
7/10/2018,Technology,222.384
7/10/2018,Office Supplies,50.454
7/10/2018,Furniture,154.764
25/03/2018,Office Supplies,6.848
9/8/2015,Technology,1091.168
9/8/2015,Technology,219.168
22/11/2015,Office Supplies,6.928
10/6/2018,Office Supplies,40.032
1/7/2018,Office Supplies,443.92
1/7/2018,Office Supplies,169.99
1/7/2018,Office Supplies,25.92
21/11/2015,Technology,36.99
21/11/2015,Office Supplies,629.1
21/11/2015,Office Supplies,193.95
21/11/2015,Office Supplies,5.46
4/5/2016,Furniture,22.288
29/05/2018,Furniture,65.424
17/10/2016,Office Supplies,77.88
23/04/2015,Furniture,281.372
23/04/2015,Furniture,281.372
23/04/2015,Office Supplies,7.488
23/04/2015,Furniture,22.336
30/04/2018,Office Supplies,10.368
20/09/2017,Office Supplies,65.79
20/09/2017,Office Supplies,271.984
20/09/2017,Office Supplies,11.76
20/09/2017,Office Supplies,77.52
20/09/2017,Office Supplies,48.64
2/9/2017,Office Supplies,1.81
2/9/2017,Office Supplies,8.26
27/04/2016,Office Supplies,43.56
27/04/2016,Office Supplies,5.84
6/9/2016,Furniture,271.764
28/05/2017,Office Supplies,262.24
28/05/2017,Office Supplies,182.72
28/05/2017,Technology,131.6
28/05/2017,Office Supplies,22.72
28/05/2017,Technology,558.4
24/09/2016,Office Supplies,15.24
24/09/2016,Furniture,1408.1
3/7/2018,Office Supplies,32.896
3/7/2018,Furniture,215.148
3/7/2018,Office Supplies,30.96
8/12/2018,Office Supplies,29.79
8/12/2018,Furniture,128.9
8/12/2018,Office Supplies,60.12
5/12/2018,Office Supplies,24.816
5/12/2018,Office Supplies,14.976
27/09/2016,Office Supplies,15.08
27/09/2016,Furniture,24.288
30/10/2018,Furniture,16.192
30/10/2018,Furniture,251.006
30/10/2018,Office Supplies,54.192
29/11/2016,Office Supplies,4.304
11/3/2015,Office Supplies,108.92
19/11/2018,Office Supplies,16.74
19/11/2018,Office Supplies,2504.74
29/07/2017,Office Supplies,84.784
12/6/2016,Office Supplies,29.9
6/8/2017,Office Supplies,70.88
11/6/2018,Office Supplies,3.76
7/10/2017,Office Supplies,27.264
8/9/2015,Office Supplies,56.65
8/9/2015,Office Supplies,14.97
8/9/2015,Office Supplies,4.02
16/03/2015,Technology,471.92
1/3/2016,Office Supplies,58.72
9/7/2016,Office Supplies,5.16
20/02/2017,Office Supplies,16.496
16/09/2018,Technology,71.976
16/09/2018,Furniture,22.512
16/09/2018,Office Supplies,3.444
16/09/2018,Office Supplies,538.194
16/09/2018,Technology,47.984
5/11/2018,Technology,492.768
20/02/2016,Office Supplies,286.79
25/11/2017,Office Supplies,5.08
3/12/2018,Technology,47.992
10/9/2016,Office Supplies,61.96
10/9/2016,Furniture,361.96
10/9/2016,Office Supplies,278.82
14/12/2017,Furniture,133.38
6/4/2016,Office Supplies,47.952
1/12/2017,Furniture,16.74
12/11/2018,Office Supplies,10.848
12/11/2018,Technology,18.544
3/3/2018,Furniture,180.98
3/3/2018,Technology,99.98
27/11/2017,Technology,34.95
27/11/2017,Office Supplies,152
31/08/2015,Technology,92.52
8/12/2017,Office Supplies,8.56
8/12/2017,Office Supplies,45.36
8/12/2017,Furniture,1421.664
7/4/2015,Furniture,8.96
27/08/2015,Technology,579.95
27/08/2015,Furniture,29.12
27/08/2015,Furniture,1202.94
21/10/2017,Office Supplies,7.92
30/11/2017,Technology,36.192
5/9/2018,Office Supplies,147.184
2/7/2016,Furniture,408.422
2/7/2016,Furniture,382.116
2/7/2016,Office Supplies,68.6
2/7/2016,Office Supplies,435.504
2/7/2016,Office Supplies,11.168
24/09/2018,Technology,72
24/09/2018,Technology,655.9
24/09/2018,Furniture,603.92
8/8/2017,Furniture,513.024
8/8/2017,Office Supplies,487.92
8/8/2017,Office Supplies,15.24
29/09/2017,Technology,209.97
29/09/2017,Office Supplies,62.94
29/09/2017,Office Supplies,25.92
10/4/2018,Office Supplies,10.368
10/4/2018,Technology,95.736
18/12/2017,Office Supplies,900.08
20/06/2015,Technology,201.584
20/06/2015,Office Supplies,3.392
20/06/2015,Furniture,193.0656
20/06/2015,Office Supplies,15.552
20/06/2015,Office Supplies,11.648
20/06/2015,Technology,418.8
20/06/2015,Office Supplies,509.488
4/9/2018,Furniture,825.174
4/9/2018,Office Supplies,17.76
4/9/2018,Office Supplies,6.912
20/12/2017,Technology,66.3
9/8/2017,Office Supplies,30.816
9/8/2017,Technology,44.784
9/8/2017,Office Supplies,569.536
22/06/2016,Furniture,796.425
10/4/2016,Office Supplies,12.832
21/11/2017,Office Supplies,40.46
21/11/2017,Technology,404.94
5/9/2017,Technology,116
24/11/2017,Technology,657.552
10/12/2018,Technology,599.97
10/12/2018,Technology,38.97
10/12/2018,Office Supplies,45.84
24/06/2017,Technology,38.24
17/09/2016,Technology,87.168
19/05/2017,Office Supplies,21.4
28/05/2017,Office Supplies,54.9
18/04/2015,Technology,287.968
18/04/2015,Office Supplies,13.12
18/04/2015,Office Supplies,10.75
18/04/2015,Office Supplies,11.62
17/06/2017,Office Supplies,40.74
9/5/2015,Office Supplies,83.25
9/5/2015,Office Supplies,9.45
9/5/2015,Office Supplies,20.65
9/5/2015,Office Supplies,45.36
18/09/2017,Furniture,5.352
18/09/2017,Furniture,99.372
18/09/2017,Office Supplies,2.672
23/12/2018,Office Supplies,28.672
23/12/2018,Office Supplies,29.312
30/10/2018,Office Supplies,105.98
30/10/2018,Office Supplies,35.06
30/10/2018,Furniture,33.94
30/10/2018,Office Supplies,30
29/03/2017,Office Supplies,45.528
29/03/2017,Furniture,844.116
29/03/2017,Technology,812.736
23/11/2018,Office Supplies,7.476
23/03/2015,Office Supplies,330.4
23/03/2015,Technology,604.752
1/12/2018,Office Supplies,45.36
1/12/2018,Office Supplies,10.128
7/11/2018,Office Supplies,21.792
7/11/2018,Technology,439.8
4/9/2018,Office Supplies,8.256
4/9/2018,Office Supplies,25.56
4/9/2018,Office Supplies,4.368
4/9/2018,Office Supplies,11.52
3/7/2017,Office Supplies,12.96
3/7/2017,Office Supplies,3.96
7/9/2018,Office Supplies,1577.94
9/9/2017,Furniture,15.008
3/7/2018,Technology,59.98
3/7/2018,Technology,2395.2
3/7/2018,Technology,1687.8
3/7/2018,Technology,7.992
29/06/2018,Office Supplies,5.184
7/8/2018,Office Supplies,11.68
7/8/2018,Office Supplies,104.8
19/03/2016,Office Supplies,14.496
7/6/2017,Office Supplies,4.784
7/6/2017,Office Supplies,4.73
25/07/2017,Office Supplies,7.89
25/07/2017,Office Supplies,65.5
25/07/2017,Furniture,2430.08
1/10/2018,Office Supplies,104.85
10/12/2016,Office Supplies,3.9
10/12/2016,Furniture,801.96
10/12/2016,Furniture,191.96
10/12/2016,Office Supplies,2.61
3/9/2018,Office Supplies,5.96
24/09/2018,Technology,1169.694
19/12/2018,Office Supplies,1665.62
24/11/2018,Office Supplies,2.88
24/11/2018,Office Supplies,1443.96
13/12/2015,Office Supplies,2.92
5/12/2017,Office Supplies,465.18
11/9/2017,Office Supplies,22.428
11/9/2017,Office Supplies,37.52
9/12/2018,Office Supplies,2.624
9/9/2015,Office Supplies,15.552
9/9/2015,Technology,64.704
9/9/2015,Furniture,17.472
9/9/2015,Technology,135.516
26/06/2018,Technology,431.928
17/11/2015,Office Supplies,12.448
17/11/2015,Furniture,657.93
21/08/2018,Office Supplies,277.4
21/08/2018,Furniture,25.16
21/08/2018,Furniture,91.92
12/3/2017,Office Supplies,29.34
23/09/2015,Office Supplies,139.44
28/04/2015,Office Supplies,6.912
28/04/2015,Office Supplies,27.096
28/04/2015,Office Supplies,177.568
29/11/2017,Technology,58.416
3/12/2016,Office Supplies,16.448
3/12/2016,Technology,36.784
19/11/2018,Furniture,718.116
19/11/2018,Office Supplies,31.776
5/9/2017,Office Supplies,9.555
4/9/2018,Office Supplies,487.984
4/9/2018,Technology,5.56
4/9/2018,Office Supplies,217.85
22/09/2017,Office Supplies,40.776
22/09/2017,Technology,63.936
14/09/2015,Furniture,142.4
14/09/2015,Office Supplies,7.16
19/05/2018,Furniture,681.408
19/05/2018,Office Supplies,3.52
19/05/2018,Office Supplies,5.58
19/05/2018,Technology,36.32
9/8/2015,Office Supplies,2060.744
26/11/2018,Office Supplies,52.272
26/11/2018,Office Supplies,213.136
3/5/2018,Office Supplies,69.52
3/5/2018,Office Supplies,763.44
10/11/2017,Office Supplies,9.216
10/11/2017,Technology,41.958
10/11/2017,Office Supplies,89.568
10/11/2017,Office Supplies,22.248
10/11/2017,Office Supplies,334.88
10/11/2017,Furniture,148.288
10/11/2017,Office Supplies,4.624
10/11/2017,Technology,178.92
10/11/2017,Office Supplies,69.888
20/12/2015,Office Supplies,487.984
20/12/2015,Office Supplies,47.3
20/12/2015,Office Supplies,4.13
20/12/2015,Office Supplies,155.12
25/07/2015,Office Supplies,6.48
25/07/2015,Office Supplies,15.52
22/11/2016,Office Supplies,2.946
22/11/2016,Office Supplies,55.104
9/12/2018,Technology,104.88
9/12/2018,Office Supplies,34.7
9/12/2018,Office Supplies,33.72
9/12/2018,Office Supplies,14.94
31/08/2018,Office Supplies,638.73
24/04/2018,Office Supplies,113.568
8/9/2018,Technology,9.096
12/3/2016,Office Supplies,8.688
12/3/2016,Furniture,30.88
12/3/2016,Furniture,6.408
18/07/2017,Office Supplies,33.8
13/06/2017,Technology,377.97
3/7/2018,Technology,258.9
3/7/2018,Office Supplies,24.56
8/12/2015,Office Supplies,27.888
8/12/2015,Office Supplies,6.456
8/12/2015,Technology,52.68
8/12/2015,Office Supplies,13.88
8/12/2015,Technology,103.92
8/12/2015,Office Supplies,11.52
8/12/2015,Office Supplies,10.368
8/12/2015,Office Supplies,39.072
8/4/2017,Office Supplies,8.872
8/4/2017,Office Supplies,121.104
6/11/2018,Furniture,127.372
6/11/2018,Office Supplies,47.952
5/12/2016,Furniture,44.46
9/7/2016,Office Supplies,15.8
9/7/2016,Technology,464.97
9/7/2016,Furniture,181.96
9/7/2016,Office Supplies,12.39
9/7/2016,Office Supplies,84.09
9/7/2016,Office Supplies,79.36
9/7/2016,Office Supplies,153.36
9/7/2016,Office Supplies,43.68
9/7/2016,Office Supplies,98.21
13/12/2017,Office Supplies,9.84
20/05/2017,Office Supplies,2.694
2/6/2018,Office Supplies,25.344
2/6/2018,Office Supplies,43.92
30/10/2016,Technology,59.994
30/10/2016,Technology,439.992
30/10/2016,Technology,87.96
30/10/2016,Furniture,15.488
15/10/2017,Office Supplies,232.96
15/10/2017,Office Supplies,66.54
15/10/2017,Office Supplies,43.26
19/11/2016,Furniture,141.96
13/09/2015,Office Supplies,79.4
13/11/2018,Technology,163.96
24/12/2018,Furniture,37.93
9/1/2017,Furniture,15.168
13/06/2016,Office Supplies,24.78
13/06/2016,Office Supplies,19.14
13/06/2016,Technology,899.97
13/06/2016,Office Supplies,32.4
18/03/2018,Office Supplies,23.832
23/11/2015,Furniture,6.368
23/11/2015,Office Supplies,34.176
23/11/2015,Technology,5.544
15/10/2018,Furniture,510.24
15/10/2018,Office Supplies,204.95
21/04/2018,Technology,11.54
21/04/2018,Furniture,162.6
8/12/2015,Office Supplies,45.68
8/12/2015,Furniture,603.92
29/05/2018,Office Supplies,23.55
19/09/2017,Office Supplies,5.04
19/09/2017,Technology,249.95
17/09/2017,Office Supplies,33.4
20/12/2017,Furniture,18.92
20/12/2017,Office Supplies,15.42
22/11/2018,Office Supplies,35.712
30/12/2015,Office Supplies,551.985
3/4/2018,Office Supplies,7.056
26/12/2017,Office Supplies,18.72
5/6/2017,Office Supplies,360.38
5/6/2017,Office Supplies,11.16
5/6/2017,Office Supplies,14.94
18/09/2016,Office Supplies,41.96
18/09/2016,Office Supplies,636.86
18/09/2016,Technology,499.99
18/09/2016,Technology,1259.93
18/09/2016,Office Supplies,65.08
6/3/2018,Office Supplies,26.38
6/3/2018,Furniture,71.97
17/03/2017,Technology,129.98
17/03/2017,Office Supplies,32.54
9/12/2017,Technology,10.9
9/12/2017,Technology,59.98
9/12/2017,Office Supplies,61.929
15/01/2017,Office Supplies,16.52
15/01/2017,Office Supplies,60.12
15/01/2017,Office Supplies,49.536
24/10/2015,Office Supplies,11.85
23/09/2017,Office Supplies,118.25
23/09/2017,Furniture,368.97
27/08/2018,Furniture,198.46
27/08/2018,Office Supplies,321.92
27/08/2018,Technology,879.984
27/08/2018,Office Supplies,28.4
27/08/2018,Furniture,230.28
27/08/2018,Office Supplies,116.28
27/08/2018,Office Supplies,841.568
27/08/2018,Office Supplies,354.9
3/3/2017,Office Supplies,42.784
3/3/2017,Furniture,563.43
28/02/2017,Office Supplies,111.104
18/09/2016,Office Supplies,11.68
18/09/2016,Office Supplies,16.9
18/09/2016,Furniture,24.4
12/5/2018,Office Supplies,87.6
13/08/2017,Furniture,241.96
13/08/2017,Office Supplies,8.52
25/02/2018,Office Supplies,1.788
21/03/2017,Furniture,99.372
21/03/2017,Office Supplies,1.344
8/12/2016,Technology,119.96
16/12/2015,Furniture,1013.832
16/12/2015,Office Supplies,1.984
17/12/2017,Furniture,2003.52
12/5/2017,Office Supplies,82.368
6/8/2015,Technology,62.91
11/4/2015,Office Supplies,6.912
11/4/2015,Technology,383.976
11/4/2015,Office Supplies,10.368
11/4/2015,Technology,335.944
3/5/2016,Furniture,665.88
30/11/2018,Technology,71.976
16/02/2018,Office Supplies,37.94
16/11/2015,Technology,273.96
9/7/2016,Technology,269.982
13/11/2018,Office Supplies,8.904
13/11/2018,Office Supplies,720.064
31/07/2018,Technology,41.424
26/12/2018,Office Supplies,3.132
31/10/2017,Office Supplies,1085.42
4/9/2017,Office Supplies,3.912
4/9/2017,Office Supplies,62.376
17/04/2017,Office Supplies,29.05
5/7/2015,Office Supplies,180.96
27/02/2016,Office Supplies,4.419
27/02/2016,Office Supplies,16.032
27/11/2016,Office Supplies,29.79
27/01/2015,Office Supplies,57.23
27/01/2015,Furniture,333
27/01/2015,Office Supplies,36.44
23/09/2018,Office Supplies,251.64
4/11/2018,Furniture,523.764
4/11/2018,Technology,1359.96
14/10/2017,Furniture,102.592
14/10/2017,Technology,22.704
14/10/2017,Office Supplies,93.024
14/10/2017,Office Supplies,12.768
14/10/2017,Office Supplies,35.008
14/10/2017,Office Supplies,39.152
12/11/2016,Office Supplies,11.76
12/11/2016,Office Supplies,5.238
12/11/2016,Office Supplies,4.662
12/11/2016,Furniture,523.92
12/11/2016,Technology,100.792
12/11/2016,Furniture,146.136
5/3/2018,Office Supplies,25.06
5/11/2016,Office Supplies,19.824
8/7/2017,Technology,823.96
8/7/2017,Office Supplies,15.984
15/09/2016,Furniture,801.96
15/09/2016,Technology,59.97
15/09/2016,Furniture,1056.86
9/10/2018,Office Supplies,12.816
9/10/2018,Furniture,314.352
9/10/2018,Office Supplies,18.98
9/10/2018,Office Supplies,18.24
14/09/2016,Office Supplies,991.2
14/09/2016,Technology,879.984
14/09/2016,Office Supplies,12.96
7/10/2015,Office Supplies,107.44
7/5/2018,Furniture,1458.65
7/5/2018,Furniture,26.64
7/5/2018,Furniture,476.8
7/5/2018,Office Supplies,87.444
14/11/2016,Furniture,76.14
14/11/2016,Office Supplies,19.96
24/11/2015,Technology,1049.97
24/11/2015,Furniture,611.058
8/4/2015,Office Supplies,2.368
8/4/2015,Office Supplies,19.008
26/07/2015,Technology,911.984
26/07/2015,Furniture,674.352
26/07/2015,Furniture,134.01
26/07/2015,Technology,170.97
8/6/2015,Furniture,170.352
28/10/2015,Office Supplies,7.184
28/10/2015,Office Supplies,6.28
28/10/2015,Office Supplies,480.74
28/10/2015,Furniture,616.998
28/10/2015,Office Supplies,141.4
25/11/2018,Office Supplies,501.81
22/09/2018,Office Supplies,691.96
22/09/2018,Technology,34.95
4/12/2016,Office Supplies,85.96
21/09/2016,Furniture,85.3
26/11/2018,Office Supplies,33.568
6/6/2018,Furniture,4.95
6/6/2018,Office Supplies,26.4
23/10/2018,Office Supplies,3.564
23/10/2018,Technology,823.96
23/10/2018,Office Supplies,10.272
20/12/2015,Technology,447.944
17/02/2018,Furniture,480.96
17/02/2018,Technology,124.792
3/5/2015,Office Supplies,40.176
3/5/2015,Office Supplies,10.896
17/10/2018,Office Supplies,10.64
28/11/2016,Furniture,151.96
27/07/2015,Technology,238
23/04/2018,Technology,155.34
23/10/2016,Technology,148.32
23/10/2016,Furniture,240.784
23/10/2016,Furniture,191.968
23/10/2016,Office Supplies,11.56
23/10/2016,Office Supplies,11.8
23/10/2016,Furniture,842.352
5/9/2017,Office Supplies,23.472
5/9/2017,Office Supplies,86.058
5/9/2017,Technology,108.784
5/9/2017,Office Supplies,10.272
28/10/2017,Office Supplies,38.19
5/4/2015,Office Supplies,49.632
5/4/2015,Office Supplies,52.096
15/06/2016,Office Supplies,9.568
15/06/2016,Office Supplies,82.368
15/06/2016,Furniture,364.704
15/06/2016,Furniture,40.256
5/7/2015,Office Supplies,4.368
29/01/2018,Office Supplies,12.128
3/3/2017,Technology,134.85
2/6/2015,Office Supplies,8.56
2/6/2015,Technology,239.97
2/6/2015,Office Supplies,356.94
24/11/2017,Technology,659.9
24/11/2017,Furniture,1684.752
24/11/2017,Technology,559.92
10/11/2017,Technology,279.944
22/11/2015,Office Supplies,9.98
1/5/2018,Technology,48.9
7/12/2018,Office Supplies,3.552
7/12/2018,Office Supplies,15.552
30/11/2018,Office Supplies,2.368
7/12/2018,Technology,127.984
3/1/2016,Office Supplies,10.368
14/11/2016,Technology,47.984
2/10/2016,Office Supplies,270.34
5/4/2016,Office Supplies,98.112
5/4/2016,Office Supplies,563.808
5/4/2016,Office Supplies,10.428
5/4/2016,Furniture,547.136
5/4/2016,Technology,14.85
5/4/2016,Technology,41.988
5/4/2016,Furniture,7.584
5/4/2016,Furniture,352.45
5/6/2018,Technology,470.376
18/09/2018,Office Supplies,19.44
18/09/2018,Furniture,9.82
18/07/2018,Furniture,801.6
18/07/2018,Furniture,161.568
18/07/2018,Office Supplies,16.096
18/07/2018,Office Supplies,7.656
18/07/2018,Furniture,311.976
1/12/2016,Office Supplies,61.68
1/12/2016,Office Supplies,63.96
28/06/2017,Technology,359.976
28/08/2018,Office Supplies,25.344
28/08/2018,Office Supplies,26.72
17/09/2015,Office Supplies,30.28
17/09/2015,Office Supplies,57.93
17/09/2015,Furniture,35.34
17/09/2015,Office Supplies,137.24
14/03/2017,Furniture,241.332
14/03/2017,Office Supplies,5.184
14/03/2017,Office Supplies,145.544
26/08/2017,Office Supplies,5.472
26/08/2017,Technology,47.984
2/9/2018,Office Supplies,9.4
2/9/2018,Office Supplies,74
2/9/2018,Technology,201.584
16/06/2016,Office Supplies,28.752
16/06/2016,Office Supplies,27.216
16/06/2016,Furniture,197.372
10/12/2017,Furniture,1424.9
18/05/2018,Furniture,14.56
18/05/2018,Office Supplies,3.048
27/05/2018,Office Supplies,25.92
23/06/2017,Office Supplies,835.17
16/05/2017,Office Supplies,17.34
18/11/2018,Office Supplies,44.384
18/11/2018,Office Supplies,2.944
18/11/2017,Office Supplies,6.368
18/11/2017,Office Supplies,48.848
18/11/2017,Office Supplies,19.648
18/11/2017,Furniture,255.108
28/11/2015,Office Supplies,17.248
1/3/2017,Technology,159.984
15/01/2018,Office Supplies,12.7
4/4/2015,Furniture,5.47
4/4/2015,Office Supplies,79.36
26/06/2017,Furniture,22.14
29/05/2017,Office Supplies,11.277
29/05/2017,Office Supplies,4.448
29/05/2017,Furniture,44.76
19/10/2016,Office Supplies,38.28
19/10/2016,Technology,149.95
19/02/2018,Office Supplies,12.84
19/02/2018,Furniture,44.67
22/09/2017,Office Supplies,7.872
12/11/2015,Office Supplies,7.872
1/4/2017,Office Supplies,88.04
20/05/2017,Office Supplies,40.635
1/6/2016,Office Supplies,5.728
1/6/2016,Office Supplies,42.24
22/11/2015,Office Supplies,53.82
22/02/2016,Office Supplies,79.36
29/03/2017,Office Supplies,13.48
29/03/2017,Office Supplies,29.8
29/03/2017,Furniture,414
29/03/2017,Office Supplies,41.328
22/10/2017,Furniture,39.92
2/10/2018,Office Supplies,8.94
2/10/2018,Technology,84.784
23/12/2015,Furniture,53.316
23/12/2015,Office Supplies,56.52
15/12/2018,Furniture,22.77
7/7/2017,Furniture,287.968
7/7/2017,Technology,2799.96
7/7/2017,Office Supplies,48.94
17/04/2017,Furniture,257.499
8/4/2018,Office Supplies,2591.56
8/4/2018,Office Supplies,41.95
17/04/2017,Furniture,79.12
25/11/2015,Furniture,52.96
3/11/2015,Office Supplies,286.344
1/5/2016,Furniture,63.552
1/5/2016,Office Supplies,41.376
1/5/2016,Office Supplies,172.704
8/3/2016,Furniture,512.94
8/3/2016,Furniture,860.93
8/3/2016,Technology,769.95
8/3/2016,Office Supplies,14.98
8/3/2016,Furniture,373.08
17/07/2016,Furniture,231.92
11/10/2015,Furniture,63.47
11/10/2015,Technology,345
3/3/2017,Furniture,637.896
3/3/2017,Technology,287.91
3/3/2017,Office Supplies,36.6
10/12/2016,Office Supplies,1.78
10/12/2016,Office Supplies,25.92
10/12/2016,Technology,101.94
18/12/2016,Office Supplies,6.848
1/1/2018,Furniture,474.43
21/11/2018,Office Supplies,8.448
21/11/2018,Office Supplies,39.296
22/12/2016,Office Supplies,17.12
23/08/2016,Office Supplies,542.94
23/08/2016,Office Supplies,8.64
23/08/2016,Office Supplies,193.8
23/08/2016,Office Supplies,21.4
23/08/2016,Office Supplies,97.88
23/08/2016,Technology,251.91
23/08/2016,Office Supplies,25.86
22/06/2015,Furniture,170.058
22/06/2015,Technology,82.782
22/06/2015,Furniture,853.93
27/10/2018,Furniture,556.665
27/10/2018,Technology,95.84
11/8/2018,Office Supplies,29.664
11/8/2018,Office Supplies,9.184
11/8/2018,Technology,153.584
11/8/2018,Office Supplies,12.864
24/12/2018,Technology,479.97
24/12/2018,Furniture,232.88
26/09/2017,Office Supplies,236.88
26/09/2017,Office Supplies,29.9
26/09/2017,Technology,100
12/12/2017,Office Supplies,18.693
12/12/2017,Technology,383.952
28/12/2016,Office Supplies,24.816
29/12/2015,Furniture,24.9
29/12/2015,Office Supplies,21.12
29/12/2015,Technology,767.952
29/12/2015,Office Supplies,14.352
29/12/2015,Technology,191.976
29/12/2015,Office Supplies,274.77
29/12/2015,Furniture,70.56
25/06/2016,Furniture,204.85
2/4/2016,Office Supplies,9.156
21/10/2018,Office Supplies,23.992
16/07/2016,Office Supplies,80.88
16/07/2016,Technology,599.9
24/06/2018,Furniture,276.69
24/06/2018,Furniture,172.764
29/09/2015,Office Supplies,4.224
29/09/2015,Furniture,409.272
29/09/2015,Office Supplies,55.44
29/09/2015,Office Supplies,20.928
29/09/2015,Office Supplies,1801.632
29/09/2015,Furniture,67.176
24/11/2015,Office Supplies,646.2
20/11/2016,Technology,72.744
20/11/2016,Furniture,572.16
1/11/2017,Technology,68.112
17/09/2016,Office Supplies,25.032
10/3/2017,Technology,39.992
23/06/2015,Office Supplies,20.016
23/06/2015,Office Supplies,3.104
1/11/2015,Office Supplies,7.52
1/11/2015,Office Supplies,10.272
1/11/2015,Office Supplies,47.808
1/11/2015,Technology,978.84
28/08/2017,Office Supplies,13.14
28/08/2017,Office Supplies,10.024
28/08/2017,Furniture,156.3728
6/12/2016,Technology,999.98
24/09/2016,Technology,821.94
15/11/2018,Furniture,220.064
15/11/2018,Furniture,339.136
19/12/2016,Office Supplies,7.04
19/12/2016,Office Supplies,5.04
19/12/2016,Office Supplies,116.28
21/12/2016,Technology,47.976
25/09/2017,Office Supplies,60.048
25/09/2017,Office Supplies,5.022
24/06/2018,Office Supplies,182.994
24/06/2018,Office Supplies,10.272
7/9/2018,Office Supplies,7.857
4/8/2017,Technology,302.384
4/8/2017,Office Supplies,20.952
4/8/2017,Office Supplies,11.784
19/08/2015,Furniture,638.82
1/4/2017,Office Supplies,20.7
1/4/2017,Office Supplies,10.95
1/4/2017,Office Supplies,14.352
16/05/2018,Office Supplies,221.024
24/08/2016,Technology,3080
24/08/2016,Technology,79.96
24/08/2016,Technology,587.97
23/09/2015,Office Supplies,32.4
23/09/2015,Office Supplies,404.9
23/09/2015,Office Supplies,9449.95
23/09/2015,Office Supplies,12.94
19/06/2018,Office Supplies,2.264
19/06/2018,Office Supplies,0.444
19/06/2018,Office Supplies,146.176
21/12/2018,Furniture,15.92
7/8/2018,Technology,159.96
7/8/2018,Office Supplies,13.76
22/08/2017,Office Supplies,4.312
7/9/2016,Office Supplies,13.96
7/9/2016,Furniture,27.414
25/12/2016,Technology,73.98
25/12/2016,Furniture,160.98
25/12/2016,Office Supplies,17.34
25/12/2016,Office Supplies,3.28
2/5/2016,Office Supplies,8.856
2/5/2016,Technology,158.376
24/11/2017,Office Supplies,1219.96
24/11/2016,Office Supplies,3.168
24/11/2016,Office Supplies,19.44
24/11/2016,Office Supplies,454.86
24/11/2016,Office Supplies,91.392
4/9/2018,Technology,19.04
11/5/2018,Office Supplies,37.44
11/5/2018,Office Supplies,37.59
11/5/2018,Office Supplies,26.032
11/5/2015,Office Supplies,35.91
27/07/2018,Furniture,91.032
6/5/2018,Office Supplies,54.66
19/09/2015,Office Supplies,67.344
19/09/2015,Technology,2624.985
29/03/2016,Office Supplies,73.28
18/11/2015,Office Supplies,14.48
2/7/2016,Office Supplies,11.952
2/7/2016,Office Supplies,15.552
8/9/2015,Office Supplies,45
8/9/2015,Technology,209.97
2/10/2018,Office Supplies,112.12
2/10/2018,Office Supplies,1575.14
19/11/2018,Office Supplies,25.06
30/12/2017,Office Supplies,6.924
1/12/2018,Office Supplies,37.392
1/12/2018,Furniture,79.12
13/06/2017,Office Supplies,18.9
19/05/2015,Office Supplies,57.42
30/01/2018,Office Supplies,12.74
30/01/2018,Office Supplies,8.82
30/01/2018,Furniture,120.784
28/11/2016,Furniture,322.59
23/10/2018,Office Supplies,9.762
23/10/2018,Office Supplies,13.72
23/10/2018,Technology,55.2
23/10/2018,Office Supplies,259.136
7/9/2018,Office Supplies,29.24
7/9/2018,Office Supplies,15.552
7/9/2018,Office Supplies,4.896
29/12/2017,Office Supplies,38.088
29/12/2017,Office Supplies,2.808
5/12/2016,Technology,47.984
5/12/2016,Office Supplies,26.064
1/11/2015,Office Supplies,15.696
16/04/2017,Office Supplies,12.84
14/05/2018,Technology,539.97
14/05/2018,Office Supplies,22.58
14/03/2016,Office Supplies,16.52
14/03/2016,Office Supplies,671.94
14/01/2018,Technology,169.064
14/01/2018,Office Supplies,168.624
8/3/2016,Office Supplies,19.44
11/10/2015,Office Supplies,31.92
11/10/2015,Furniture,433.568
13/04/2016,Office Supplies,31.104
13/04/2016,Office Supplies,54.816
16/11/2018,Office Supplies,48.86
1/7/2017,Office Supplies,14.2
1/7/2017,Office Supplies,12.96
1/7/2017,Office Supplies,58.34
29/11/2016,Office Supplies,56.3
7/4/2015,Technology,629.95
7/4/2015,Office Supplies,122.97
16/06/2017,Office Supplies,46.35
6/3/2018,Office Supplies,14.976
7/10/2018,Office Supplies,4.24
6/10/2018,Technology,319.96
6/10/2018,Office Supplies,17.04
6/10/2018,Office Supplies,344.91
5/12/2017,Furniture,81.94
21/10/2017,Technology,98.16
18/05/2018,Office Supplies,6.874
18/05/2018,Office Supplies,1.996
18/05/2018,Office Supplies,8.928
26/09/2017,Office Supplies,9.99
17/11/2018,Technology,10499.97
8/7/2016,Office Supplies,21.12
16/11/2016,Furniture,696.42
16/11/2016,Technology,304.776
18/06/2016,Office Supplies,51.98
8/4/2017,Furniture,24.7
18/04/2016,Office Supplies,21.93
3/12/2017,Office Supplies,394.816
3/12/2017,Office Supplies,18.192
10/12/2016,Office Supplies,7.31
10/12/2016,Technology,799.984
10/12/2016,Office Supplies,41.28
10/12/2016,Office Supplies,184.66
31/10/2015,Office Supplies,49.25
31/10/2015,Office Supplies,10.16
31/10/2015,Furniture,14.76
31/10/2015,Office Supplies,34.08
31/10/2015,Furniture,17.67
31/10/2015,Furniture,1604.9
31/10/2015,Furniture,385.686
9/12/2018,Office Supplies,15.984
5/5/2015,Office Supplies,9.42
5/5/2015,Office Supplies,6.56
5/5/2015,Office Supplies,24.56
4/3/2017,Office Supplies,128.4
30/11/2015,Office Supplies,62.28
18/02/2016,Office Supplies,9.24
1/4/2018,Furniture,482.664
1/4/2018,Technology,4799.984
11/6/2018,Office Supplies,37.94
11/6/2018,Office Supplies,18.288
11/6/2018,Technology,385.8
11/6/2018,Office Supplies,102.96
11/6/2018,Furniture,174.42
30/09/2017,Office Supplies,1.964
13/12/2015,Furniture,94.428
11/11/2018,Office Supplies,45.92
5/1/2016,Furniture,61.584
24/03/2017,Office Supplies,22.48
5/7/2018,Furniture,332.028
5/7/2018,Office Supplies,11.394
5/7/2018,Office Supplies,15.552
5/7/2018,Office Supplies,31.104
5/7/2018,Office Supplies,6.316
21/09/2015,Office Supplies,11.352
21/09/2015,Office Supplies,20.808
23/07/2017,Office Supplies,11.416
29/08/2018,Office Supplies,9.408
26/03/2018,Office Supplies,19.83
29/12/2018,Office Supplies,209.7
20/09/2015,Office Supplies,43.92
20/09/2015,Office Supplies,20.232
4/4/2017,Technology,149.97
4/4/2017,Office Supplies,27.81
26/03/2015,Technology,66.3
28/11/2018,Office Supplies,1.64
28/11/2018,Furniture,1049.2
28/11/2018,Furniture,20.9
1/12/2017,Office Supplies,88.08
1/12/2017,Furniture,751.92
19/09/2015,Furniture,887.103
23/10/2016,Technology,55.944
23/10/2016,Office Supplies,10.688
23/10/2016,Technology,11.824
13/10/2018,Office Supplies,63.312
13/10/2018,Office Supplies,96.784
13/10/2018,Furniture,10.476
4/9/2016,Office Supplies,9.762
14/03/2017,Furniture,196.784
28/10/2018,Office Supplies,47.98
15/10/2018,Office Supplies,13.05
7/8/2018,Technology,63.96
21/09/2018,Office Supplies,80.48
3/11/2018,Office Supplies,11.673
5/11/2017,Furniture,863.128
5/11/2017,Office Supplies,3.564
5/11/2017,Furniture,956.6648
5/11/2017,Office Supplies,12.588
5/11/2017,Technology,171.96
25/06/2018,Furniture,871.4
26/11/2016,Furniture,692.472
24/11/2017,Furniture,207.76
21/07/2018,Technology,71.928
21/07/2018,Office Supplies,25.99
23/10/2016,Office Supplies,3.592
9/7/2016,Office Supplies,48.632
18/08/2018,Office Supplies,323.1
16/04/2017,Technology,9099.93
16/04/2017,Furniture,9.96
16/04/2017,Office Supplies,25.3
14/11/2015,Office Supplies,11.36
14/11/2015,Furniture,69.264
20/12/2015,Office Supplies,3.69
20/12/2015,Office Supplies,1103.97
21/11/2016,Furniture,246.1328
21/11/2016,Office Supplies,11.696
21/11/2016,Technology,439.992
28/12/2018,Office Supplies,64.784
17/05/2016,Office Supplies,33.28
17/05/2016,Office Supplies,14.088
9/12/2018,Office Supplies,11.16
9/12/2018,Furniture,896.328
9/12/2018,Office Supplies,189
10/3/2018,Technology,53.982
22/10/2018,Furniture,177.225
3/7/2018,Furniture,129.39
4/9/2018,Office Supplies,54.32
23/08/2018,Technology,4367.896
23/08/2018,Office Supplies,49.568
23/08/2018,Office Supplies,161.376
23/08/2018,Furniture,2.784
23/08/2018,Office Supplies,8.72
22/08/2015,Office Supplies,3.912
4/10/2017,Office Supplies,59.752
26/10/2015,Furniture,63.92
26/10/2015,Technology,383.96
28/06/2017,Office Supplies,7.752
28/06/2017,Office Supplies,33.568
4/11/2015,Technology,666.344
4/11/2015,Furniture,573.728
4/11/2015,Office Supplies,21.936
4/11/2015,Office Supplies,19.44
4/11/2015,Technology,447.968
8/9/2015,Office Supplies,16.78
25/06/2016,Office Supplies,20.96
25/06/2016,Office Supplies,88.752
25/06/2016,Office Supplies,304.23
26/07/2016,Office Supplies,167.86
7/12/2018,Furniture,82.38
29/12/2015,Technology,23.976
29/12/2015,Office Supplies,33.29
14/02/2016,Office Supplies,14.952
14/02/2016,Technology,323.982
14/02/2016,Office Supplies,2.286
14/02/2016,Office Supplies,14.352
14/02/2016,Technology,71.976
25/01/2017,Office Supplies,9.21
25/01/2017,Office Supplies,18
1/4/2018,Office Supplies,42.93
3/10/2018,Office Supplies,15.552
3/10/2018,Office Supplies,17.92
1/9/2018,Technology,19.99
1/9/2018,Office Supplies,22.92
21/12/2016,Technology,50.88
21/12/2016,Office Supplies,27.312
20/12/2016,Office Supplies,7.92
20/12/2016,Furniture,14.368
27/11/2016,Technology,107.97
27/11/2016,Office Supplies,113.82
27/08/2018,Office Supplies,5.184
22/03/2015,Office Supplies,16.28
17/12/2018,Office Supplies,544.38
19/03/2018,Office Supplies,19.824
19/03/2018,Technology,657.504
19/03/2018,Technology,99.54
19/03/2018,Technology,199.96
18/09/2017,Furniture,631.782
18/09/2017,Furniture,60.72
24/11/2018,Office Supplies,20.724
24/11/2018,Office Supplies,415.872
11/4/2018,Office Supplies,16.768
11/4/2018,Technology,27.12
10/12/2018,Technology,95.84
10/12/2018,Office Supplies,12.96
24/11/2018,Office Supplies,19.008
4/12/2016,Office Supplies,1598.058
4/12/2016,Office Supplies,36.96
11/12/2018,Office Supplies,10.368
11/12/2018,Furniture,77.72
11/12/2018,Furniture,520.464
21/05/2017,Office Supplies,111.96
17/02/2018,Technology,29.16
20/05/2018,Office Supplies,131.94
20/05/2018,Office Supplies,25.92
20/05/2018,Office Supplies,704.76
20/05/2018,Office Supplies,7.41
20/05/2018,Office Supplies,21.5
11/9/2018,Office Supplies,10.528
11/9/2018,Office Supplies,20.544
5/11/2017,Office Supplies,104.9
5/11/2017,Office Supplies,39.68
5/11/2017,Office Supplies,51.75
23/07/2018,Office Supplies,11.68
23/07/2018,Technology,159.75
18/11/2017,Office Supplies,103.968
25/04/2015,Furniture,303.25
25/04/2015,Office Supplies,270.72
25/04/2015,Furniture,1487.04
30/11/2016,Office Supplies,17.48
30/11/2016,Office Supplies,71.88
25/10/2016,Office Supplies,60.45
25/10/2016,Furniture,253.176
20/07/2016,Office Supplies,2.88
20/07/2016,Furniture,384.944
20/07/2016,Technology,153.584
20/07/2016,Furniture,913.43
27/10/2017,Office Supplies,43.92
27/10/2017,Office Supplies,25.032
20/11/2018,Office Supplies,46.76
20/11/2018,Furniture,183.968
20/11/2018,Technology,1259.97
20/11/2018,Office Supplies,68.97
8/9/2017,Office Supplies,70.368
8/9/2017,Technology,59.96
20/07/2015,Office Supplies,25.984
20/07/2015,Office Supplies,27.36
15/11/2017,Technology,361.376
7/7/2015,Furniture,172.186
7/7/2015,Furniture,69.008
17/03/2017,Office Supplies,199.9
17/03/2017,Office Supplies,901.95
17/03/2017,Furniture,971.5
26/12/2017,Office Supplies,11.328
2/9/2015,Office Supplies,21.24
5/7/2016,Technology,34.8
5/7/2016,Office Supplies,38.976
20/11/2017,Office Supplies,9.08
20/11/2017,Office Supplies,314.55
20/11/2017,Office Supplies,4.91
6/5/2015,Office Supplies,5.78
6/5/2015,Office Supplies,107.94
21/06/2015,Office Supplies,19.65
21/06/2015,Technology,617.97
21/06/2015,Office Supplies,59.7
19/08/2018,Office Supplies,387.99
29/11/2015,Technology,575.92
29/11/2015,Office Supplies,30.4
9/4/2018,Office Supplies,478.24
20/12/2015,Furniture,190.848
17/12/2015,Office Supplies,5.484
17/11/2016,Office Supplies,40.92
4/3/2015,Office Supplies,15.552
18/05/2018,Office Supplies,17.24
18/05/2018,Furniture,302.94
18/05/2018,Technology,34.75
18/05/2018,Office Supplies,113.94
18/05/2018,Technology,55.98
22/09/2018,Office Supplies,27.18
21/03/2018,Furniture,1805.88
14/09/2018,Office Supplies,70.95
3/11/2017,Office Supplies,20
3/11/2017,Office Supplies,7.98
3/11/2017,Furniture,24.1
3/11/2017,Office Supplies,8.75
3/11/2017,Furniture,842.94
3/5/2017,Office Supplies,2.182
3/5/2017,Office Supplies,27.384
3/5/2017,Office Supplies,26.406
27/12/2017,Office Supplies,10.368
27/12/2017,Office Supplies,23.68
22/07/2017,Technology,109.95
22/07/2017,Office Supplies,965.85
22/07/2017,Office Supplies,29.2
22/07/2017,Office Supplies,32.4
16/11/2015,Office Supplies,78.35
16/11/2015,Office Supplies,31.68
16/11/2015,Office Supplies,29.12
16/11/2015,Office Supplies,169.45
19/06/2016,Furniture,12.56
19/06/2016,Office Supplies,6.48
19/06/2016,Office Supplies,186.69
4/7/2017,Furniture,25.4
4/7/2017,Office Supplies,43.96
4/7/2017,Furniture,1279.165
4/7/2017,Office Supplies,27.92
3/9/2016,Furniture,129.568
3/9/2016,Office Supplies,6.368
7/8/2018,Office Supplies,244.55
13/03/2018,Office Supplies,1332.496
28/09/2018,Furniture,32.776
28/09/2018,Office Supplies,147.184
28/09/2018,Technology,54.384
28/09/2018,Office Supplies,76.776
28/09/2018,Office Supplies,14.352
28/09/2018,Office Supplies,209.792
7/8/2016,Office Supplies,3.304
24/11/2018,Office Supplies,16.38
24/11/2018,Office Supplies,167.96
24/11/2018,Furniture,321.568
24/11/2018,Office Supplies,12.96
8/5/2018,Furniture,128.058
29/09/2018,Furniture,63.686
29/09/2018,Technology,239.976
29/09/2018,Furniture,344.22
29/09/2018,Office Supplies,15.552
29/09/2018,Furniture,21.248
29/09/2018,Office Supplies,8.448
22/10/2018,Office Supplies,333.09
22/10/2018,Furniture,248.98
24/03/2015,Office Supplies,24.9
3/11/2017,Office Supplies,15.26
3/11/2017,Office Supplies,43.32
3/11/2017,Office Supplies,43.584
3/11/2017,Office Supplies,116.28
3/11/2017,Office Supplies,9.296
3/11/2017,Office Supplies,19.44
3/11/2017,Office Supplies,314.55
5/9/2016,Office Supplies,16.27
5/9/2016,Office Supplies,69.12
5/9/2016,Office Supplies,4.47
14/08/2018,Furniture,418.296
1/12/2015,Technology,659.988
1/12/2015,Furniture,8.128
1/12/2015,Office Supplies,36.288
1/12/2015,Furniture,909.72
18/06/2018,Furniture,917.9235
18/06/2018,Office Supplies,38.88
2/12/2018,Office Supplies,631.176
21/11/2015,Office Supplies,12.96
10/4/2017,Office Supplies,12.96
10/4/2017,Office Supplies,23.2
30/06/2015,Office Supplies,25.92
30/06/2015,Office Supplies,21.312
24/12/2015,Technology,173.656
24/12/2015,Office Supplies,361.96
24/12/2015,Technology,62.85
24/12/2015,Technology,818.376
24/12/2015,Office Supplies,20.34
24/12/2015,Furniture,23.99
23/05/2018,Furniture,171.288
10/11/2017,Furniture,37.3
10/11/2017,Office Supplies,81.96
2/10/2017,Office Supplies,54.792
6/9/2017,Office Supplies,10.784
27/10/2017,Furniture,290.98
22/10/2018,Office Supplies,36.44
15/09/2017,Office Supplies,21.4
15/09/2017,Office Supplies,48.664
25/09/2017,Office Supplies,16.56
10/6/2018,Office Supplies,1347.52
20/02/2015,Technology,62.31
20/02/2015,Furniture,20.32
20/02/2018,Office Supplies,9.432
2/11/2015,Office Supplies,34.86
2/11/2015,Furniture,89.34
17/07/2018,Technology,269.98
17/07/2018,Office Supplies,99.9
17/07/2018,Furniture,39.08
8/9/2018,Technology,116.832
14/11/2017,Office Supplies,2.296
14/11/2017,Furniture,408.006
14/11/2017,Office Supplies,40.44
10/10/2015,Furniture,122.352
10/10/2015,Office Supplies,15.28
19/03/2016,Office Supplies,11.96
8/7/2018,Furniture,15.84
8/7/2018,Office Supplies,86.376
8/7/2018,Office Supplies,18.24
8/7/2018,Office Supplies,13.12
27/02/2016,Technology,105.98
27/02/2016,Furniture,493.92
16/06/2018,Office Supplies,5.936
30/03/2018,Office Supplies,325.86
12/7/2016,Furniture,383.607
12/7/2016,Technology,148.48
12/7/2016,Technology,537.544
12/7/2016,Office Supplies,1.928
12/7/2016,Office Supplies,6.912
12/7/2016,Furniture,7.76
12/7/2016,Technology,659.168
30/04/2018,Office Supplies,5.76
13/07/2015,Furniture,351.216
27/12/2015,Furniture,230.28
27/12/2015,Office Supplies,12.84
27/02/2017,Office Supplies,56.82
23/03/2016,Office Supplies,31.56
23/03/2016,Office Supplies,27.92
21/10/2018,Office Supplies,8.559
31/12/2015,Office Supplies,49.568
5/5/2015,Furniture,127.869
4/12/2016,Office Supplies,271.44
4/12/2016,Technology,110.352
4/12/2016,Furniture,36.4
26/09/2018,Furniture,419.136
9/12/2015,Office Supplies,100.704
3/12/2018,Office Supplies,45.216
3/12/2018,Office Supplies,28.782
3/12/2018,Office Supplies,24.448
8/11/2016,Office Supplies,10.476
19/04/2015,Furniture,76.14
25/05/2016,Office Supplies,21.24
25/05/2016,Office Supplies,127.96
17/07/2018,Technology,479.984
12/12/2017,Technology,657.93
12/12/2017,Furniture,33.48
12/12/2017,Office Supplies,13.9
12/12/2017,Office Supplies,26.86
11/4/2015,Office Supplies,9.584
9/6/2016,Office Supplies,113.1
27/07/2015,Office Supplies,65.78
31/07/2016,Technology,239.7
19/09/2017,Furniture,25.632
10/6/2017,Office Supplies,23.616
26/08/2017,Office Supplies,8.26
2/11/2018,Office Supplies,76.58
2/11/2018,Office Supplies,8.8
2/11/2018,Office Supplies,590.352
2/11/2018,Office Supplies,5.58
2/11/2018,Furniture,25.02
2/11/2018,Office Supplies,452.55
26/12/2017,Office Supplies,17.76
26/12/2017,Technology,302.384
26/12/2017,Furniture,146.352
26/12/2017,Office Supplies,7.9
26/12/2017,Furniture,902.712
26/12/2017,Office Supplies,53.97
5/12/2017,Office Supplies,33.92
28/08/2018,Office Supplies,21.81
28/08/2018,Office Supplies,91.6
16/07/2016,Furniture,150.98
16/07/2016,Office Supplies,137.25
16/07/2016,Office Supplies,11.52
26/05/2016,Office Supplies,18.272
26/05/2016,Office Supplies,153.728
26/05/2016,Office Supplies,12.224
26/05/2016,Technology,167.944
28/05/2016,Technology,45.99
28/05/2016,Office Supplies,535.41
28/05/2016,Office Supplies,6.096
28/05/2016,Office Supplies,45.36
9/11/2018,Furniture,47.12
24/01/2017,Office Supplies,31.36
31/12/2017,Office Supplies,47.616
31/12/2017,Office Supplies,23.48
5/9/2017,Office Supplies,62.79
5/9/2017,Office Supplies,28.44
4/9/2016,Technology,134.376
21/09/2016,Technology,589.9
21/09/2016,Furniture,542.94
24/12/2018,Technology,2879.952
24/12/2018,Office Supplies,90.48
5/10/2016,Office Supplies,77.55
9/9/2018,Office Supplies,8.832
9/9/2018,Office Supplies,177.536
9/9/2018,Office Supplies,258.48
9/9/2018,Furniture,14.136
13/11/2017,Office Supplies,77.55
13/11/2017,Office Supplies,24.88
13/11/2017,Office Supplies,140.75
13/11/2017,Office Supplies,36.63
15/10/2016,Furniture,17.14
3/8/2018,Office Supplies,51.75
3/8/2018,Furniture,123.96
21/08/2016,Furniture,586.398
21/08/2016,Office Supplies,80.98
12/3/2018,Office Supplies,242.94
27/04/2018,Office Supplies,123.92
27/04/2018,Office Supplies,12.39
27/04/2018,Office Supplies,47.3
11/9/2017,Technology,1599.92
11/9/2017,Office Supplies,11.09
22/10/2018,Office Supplies,3.168
22/10/2018,Furniture,579.136
2/8/2016,Office Supplies,6.368
2/8/2016,Technology,558.4
12/8/2017,Furniture,145.764
30/05/2015,Office Supplies,13.62
26/04/2017,Furniture,434.646
14/05/2018,Office Supplies,440.19
14/05/2018,Office Supplies,64.4
8/4/2018,Office Supplies,244.55
8/4/2018,Office Supplies,195.76
17/02/2018,Office Supplies,11.76
17/02/2018,Office Supplies,166.45
24/06/2018,Office Supplies,2.88
5/5/2015,Office Supplies,45.248
3/5/2016,Office Supplies,59.904
3/5/2016,Office Supplies,23.696
3/5/2016,Office Supplies,7.968
3/5/2016,Office Supplies,18.2
3/5/2016,Technology,27.552
3/5/2016,Furniture,844.116
3/5/2016,Office Supplies,76.752
18/09/2017,Office Supplies,3
22/09/2017,Office Supplies,7.506
22/09/2017,Office Supplies,16.56
10/1/2017,Furniture,79.92
10/1/2017,Technology,69.98
6/5/2018,Office Supplies,11.06
6/5/2018,Furniture,623.4648
6/5/2018,Office Supplies,772.68
31/07/2017,Office Supplies,283.14
31/07/2017,Technology,635.96
31/07/2017,Technology,118.99
31/07/2017,Furniture,272.94
27/03/2018,Furniture,15.008
14/03/2015,Office Supplies,33.088
14/03/2015,Office Supplies,80.98
14/03/2015,Technology,82.8
14/03/2015,Office Supplies,21.36
14/03/2015,Office Supplies,62.048
14/07/2017,Office Supplies,29.61
1/12/2017,Technology,863.928
29/08/2017,Furniture,241.92
29/08/2017,Furniture,163.88
29/08/2017,Office Supplies,3.486
29/08/2017,Office Supplies,10.584
24/06/2017,Technology,440.91
30/03/2018,Office Supplies,5.715
20/12/2015,Furniture,51.968
20/12/2015,Technology,71.976
20/12/2015,Furniture,242.352
20/12/2015,Office Supplies,221.92
20/12/2015,Office Supplies,8.448
17/12/2016,Office Supplies,29.52
17/12/2016,Furniture,302.94
17/12/2016,Furniture,142.36
17/12/2016,Furniture,546.66
17/12/2016,Furniture,212.13
11/5/2018,Office Supplies,5.248
11/5/2018,Office Supplies,74.416
11/5/2018,Office Supplies,6.848
11/5/2018,Furniture,7.996
24/06/2017,Office Supplies,8.712
17/05/2017,Office Supplies,65.17
17/05/2017,Office Supplies,14.62
17/05/2017,Furniture,173.24
29/06/2018,Office Supplies,895.92
29/06/2018,Office Supplies,130.71
29/06/2018,Office Supplies,11.68
29/06/2018,Technology,62.31
31/03/2015,Office Supplies,0.852
16/12/2015,Office Supplies,36.288
16/12/2015,Furniture,56.568
18/05/2018,Technology,344.704
12/5/2016,Technology,201.584
3/12/2018,Furniture,521.96
12/12/2016,Office Supplies,8.22
10/10/2016,Office Supplies,45.36
18/04/2016,Office Supplies,947.17
18/04/2016,Office Supplies,61.96
7/6/2015,Furniture,268.935
1/9/2018,Office Supplies,7.58
22/05/2017,Office Supplies,14.73
11/11/2017,Office Supplies,9.888
11/11/2017,Office Supplies,671.544
25/11/2015,Office Supplies,1117.92
25/11/2015,Furniture,275.952
7/11/2015,Office Supplies,123.144
18/07/2017,Technology,15.576
29/03/2016,Office Supplies,212.64
29/03/2016,Office Supplies,9.87
29/03/2016,Technology,53.25
29/03/2016,Furniture,19.92
7/4/2017,Furniture,658.746
13/06/2016,Office Supplies,8.26
13/06/2016,Office Supplies,29.84
13/06/2016,Technology,67.98
18/02/2016,Office Supplies,61.06
18/02/2016,Furniture,35.544
12/11/2018,Office Supplies,9.96
12/11/2018,Office Supplies,9.21
12/11/2018,Office Supplies,27.93
5/3/2018,Office Supplies,7.9
5/3/2018,Office Supplies,221.16
5/3/2018,Office Supplies,127.96
5/3/2018,Office Supplies,18.69
3/3/2017,Office Supplies,25.35
3/3/2017,Furniture,35.28
24/12/2017,Office Supplies,33.4
7/10/2017,Technology,837.6
9/12/2017,Technology,40.68
20/11/2018,Furniture,209.568
12/12/2016,Technology,22.368
3/2/2018,Office Supplies,3.882
3/2/2018,Office Supplies,115.296
21/09/2018,Office Supplies,1.908
30/04/2018,Office Supplies,43.372
3/11/2015,Technology,783.96
3/11/2015,Office Supplies,48.896
3/11/2015,Office Supplies,7.856
30/12/2017,Office Supplies,5.904
30/12/2017,Office Supplies,13.712
17/09/2015,Office Supplies,182.94
24/11/2018,Office Supplies,27.76
24/04/2016,Office Supplies,25.99
9/3/2016,Technology,113.52
9/3/2016,Technology,359.88
2/6/2018,Office Supplies,25.344
19/09/2017,Office Supplies,11.952
19/09/2017,Office Supplies,6.24
31/10/2015,Technology,742.336
23/11/2018,Furniture,6.464
23/11/2018,Office Supplies,11.52
23/11/2018,Technology,222.384
16/11/2018,Office Supplies,23.36
19/02/2017,Office Supplies,8.67
19/02/2017,Office Supplies,25.71
7/11/2018,Office Supplies,100.94
8/7/2015,Furniture,63.882
7/11/2015,Furniture,683.144
7/11/2015,Office Supplies,1.476
7/11/2015,Office Supplies,40.712
28/01/2018,Office Supplies,279.9
11/12/2016,Office Supplies,13.12
11/12/2016,Furniture,69.576
11/12/2016,Office Supplies,4.224
11/12/2016,Technology,58.08
11/12/2016,Furniture,52.416
11/12/2016,Furniture,54.92
11/12/2016,Furniture,364.95
11/12/2016,Office Supplies,85.056
11/12/2016,Office Supplies,27.696
29/06/2016,Office Supplies,24.96
16/03/2016,Furniture,43.13
13/08/2016,Office Supplies,5.64
14/05/2017,Office Supplies,57.582
14/05/2017,Office Supplies,31.104
14/05/2017,Furniture,30.192
14/05/2017,Technology,43.6
14/05/2017,Office Supplies,4.768
14/05/2017,Office Supplies,10.38
14/05/2017,Office Supplies,13.392
13/07/2018,Technology,39.594
13/07/2018,Furniture,91.008
22/11/2016,Office Supplies,37.94
22/11/2016,Office Supplies,42.8
22/11/2016,Office Supplies,33.63
23/11/2015,Office Supplies,62.808
27/12/2016,Office Supplies,195.64
27/12/2016,Technology,239.9
14/11/2017,Furniture,380.058
14/11/2017,Technology,1199.976
14/11/2017,Furniture,48.576
8/5/2017,Office Supplies,17.94
26/12/2015,Office Supplies,18.264
26/12/2015,Office Supplies,34.656
26/12/2015,Office Supplies,81.552
26/12/2015,Office Supplies,227.136
8/6/2018,Office Supplies,10.36
7/4/2016,Office Supplies,463.248
7/4/2016,Technology,383.952
10/7/2017,Office Supplies,44.856
21/11/2017,Technology,30.345
21/11/2017,Furniture,127.554
21/11/2017,Furniture,77.952
12/11/2018,Office Supplies,14.016
1/11/2015,Office Supplies,69.52
1/11/2015,Office Supplies,5.64
15/05/2017,Office Supplies,13.776
7/11/2015,Office Supplies,245.88
7/11/2015,Office Supplies,36.63
7/11/2015,Office Supplies,22.58
7/11/2015,Office Supplies,12.39
5/10/2018,Office Supplies,39.92
5/10/2018,Office Supplies,61.96
5/10/2018,Office Supplies,19.936
1/6/2018,Office Supplies,3.798
1/6/2018,Office Supplies,27.744
1/6/2018,Technology,158.376
20/11/2018,Furniture,27.58
23/12/2017,Office Supplies,5.553
29/09/2018,Office Supplies,243.92
7/11/2017,Office Supplies,14.96
4/4/2015,Office Supplies,7.184
23/07/2016,Office Supplies,10.512
25/06/2015,Technology,263.96
25/06/2015,Office Supplies,71.632
25/06/2015,Office Supplies,9.328
8/9/2015,Office Supplies,5.88
8/9/2015,Furniture,975.92
8/9/2015,Office Supplies,303.84
8/9/2015,Office Supplies,485.88
12/12/2015,Furniture,12.54
12/12/2015,Office Supplies,8.94
12/12/2015,Furniture,9.24
13/01/2016,Office Supplies,70.008
13/01/2016,Furniture,77.6
13/01/2016,Furniture,464.85
15/12/2018,Office Supplies,10.192
18/12/2017,Office Supplies,1793.98
11/4/2015,Technology,758.352
10/11/2017,Office Supplies,20.368
10/11/2017,Office Supplies,49.848
26/06/2018,Technology,239.97
13/11/2018,Furniture,2404.704
13/11/2018,Office Supplies,563.024
13/11/2018,Office Supplies,344.91
13/11/2018,Office Supplies,8.64
24/11/2018,Technology,89.988
24/11/2018,Office Supplies,229.544
23/05/2018,Office Supplies,1.824
23/05/2018,Office Supplies,18.32
23/05/2018,Office Supplies,48.816
23/05/2018,Office Supplies,1.188
2/12/2015,Technology,119.8
3/10/2015,Office Supplies,61.568
3/10/2015,Office Supplies,6.192
29/07/2017,Office Supplies,2.214
2/11/2018,Office Supplies,5.32
2/11/2018,Furniture,975.92
2/11/2018,Technology,2249.91
2/11/2018,Office Supplies,59.92
8/3/2018,Office Supplies,171.2
8/3/2018,Office Supplies,3.36
16/12/2015,Office Supplies,114.2
28/11/2017,Furniture,182.67
28/11/2017,Technology,101.7
28/11/2017,Office Supplies,1126.02
28/11/2017,Office Supplies,1263.3
23/12/2017,Office Supplies,8.82
23/12/2017,Office Supplies,37.94
23/12/2017,Office Supplies,4.2
23/12/2017,Office Supplies,227.28
23/12/2017,Office Supplies,47.9
23/12/2017,Office Supplies,61.96
23/12/2017,Office Supplies,1117.92
15/10/2015,Furniture,183.372
15/10/2015,Office Supplies,7.968
22/08/2017,Office Supplies,26.352
17/12/2018,Office Supplies,481.32
17/12/2018,Office Supplies,13.98
7/3/2018,Office Supplies,25.92
7/3/2018,Office Supplies,91.59
1/12/2015,Furniture,674.058
14/10/2015,Office Supplies,22.92
14/10/2015,Office Supplies,269.9
18/11/2015,Office Supplies,11.808
18/11/2015,Technology,9.588
14/01/2018,Office Supplies,18.336
14/01/2018,Office Supplies,36.288
14/01/2018,Technology,111.984
14/01/2018,Office Supplies,5.97
14/01/2018,Office Supplies,2.508
24/09/2016,Office Supplies,35.96
24/09/2016,Office Supplies,14.952
9/10/2018,Office Supplies,67.144
9/10/2018,Furniture,254.058
2/1/2017,Furniture,173.94
2/1/2017,Technology,231.98
19/08/2018,Office Supplies,2.296
25/12/2018,Office Supplies,96.08
25/12/2018,Office Supplies,3.62
25/12/2018,Office Supplies,629.1
25/12/2018,Technology,90.48
10/9/2018,Office Supplies,14.88
19/10/2018,Furniture,91.275
1/12/2018,Office Supplies,19.44
1/12/2018,Furniture,897.15
2/9/2015,Office Supplies,57.75
2/9/2015,Office Supplies,14.94
25/03/2018,Office Supplies,23.1
28/09/2016,Office Supplies,12.536
28/09/2016,Office Supplies,1.08
28/09/2016,Office Supplies,4.512
15/03/2016,Technology,16.776
6/1/2018,Office Supplies,33.74
13/01/2015,Office Supplies,1325.85
13/01/2015,Furniture,333.999
13/01/2015,Office Supplies,19.9
6/2/2016,Furniture,1268.82
6/2/2016,Furniture,283.92
6/2/2016,Office Supplies,5.68
21/12/2018,Office Supplies,375.34
5/9/2017,Office Supplies,96.08
5/9/2017,Office Supplies,11.68
5/9/2017,Office Supplies,4.36
4/10/2015,Office Supplies,29.24
27/11/2018,Office Supplies,117.488
27/11/2018,Furniture,18.84
28/10/2017,Office Supplies,12.42
9/6/2016,Office Supplies,12.96
8/12/2018,Office Supplies,69.48
16/03/2016,Technology,85.9
9/6/2015,Office Supplies,18.06
9/6/2015,Office Supplies,79.14
9/6/2015,Furniture,37.4
20/03/2016,Office Supplies,2.512
20/03/2016,Office Supplies,18.864
18/11/2017,Technology,61.192
18/11/2017,Office Supplies,67.84
7/3/2015,Furniture,48.712
7/3/2015,Office Supplies,17.94
7/3/2015,Office Supplies,242.94
15/05/2017,Office Supplies,7.764
25/05/2016,Technology,467.04
2/8/2016,Technology,128.85
2/8/2016,Office Supplies,8.4
2/8/2016,Technology,199.98
2/8/2016,Furniture,110.98
6/11/2017,Furniture,207.984
6/11/2017,Office Supplies,36.112
6/11/2017,Furniture,35.568
6/11/2017,Office Supplies,88.768
7/11/2017,Office Supplies,12.9
18/09/2016,Technology,717.12
7/12/2016,Office Supplies,21.36
7/12/2016,Office Supplies,6.688
7/12/2016,Technology,773.94
9/12/2017,Office Supplies,20.568
9/12/2017,Office Supplies,4.356
9/12/2017,Technology,19.04
16/11/2015,Office Supplies,5.22
6/11/2017,Office Supplies,84.84
6/9/2016,Office Supplies,7.24
3/9/2015,Office Supplies,14.4
24/04/2017,Office Supplies,15.552
24/04/2017,Furniture,1325.76
24/04/2017,Office Supplies,3.108
31/08/2018,Office Supplies,6.672
31/08/2018,Technology,689.408
7/12/2018,Office Supplies,1889.99
18/12/2016,Office Supplies,55.936
18/12/2016,Office Supplies,18.432
18/12/2016,Furniture,20.32
4/11/2015,Office Supplies,52.064
10/3/2018,Office Supplies,48.784
10/3/2018,Office Supplies,13.092
31/01/2017,Technology,109.592
31/01/2017,Office Supplies,56.7
7/5/2018,Technology,79.99
24/05/2017,Office Supplies,69.5
24/05/2017,Office Supplies,191.6
7/10/2017,Office Supplies,10.56
30/04/2015,Technology,47.79
10/11/2016,Office Supplies,714.3
9/11/2016,Technology,2321.9
9/11/2016,Office Supplies,17.94
7/9/2016,Office Supplies,9.522
7/9/2016,Technology,791.964
7/9/2016,Office Supplies,4.923
11/5/2018,Furniture,209.979
21/07/2018,Office Supplies,33.93
21/07/2018,Office Supplies,222.32
21/07/2018,Technology,210.564
24/11/2015,Furniture,35.168
24/11/2015,Technology,1502.376
15/11/2015,Furniture,10.11
15/11/2015,Technology,772.47
15/11/2015,Office Supplies,20.46
23/03/2018,Office Supplies,347.58
18/12/2017,Technology,72.64
18/12/2017,Technology,772.47
18/12/2017,Furniture,39.92
29/07/2018,Office Supplies,33.48
29/07/2018,Technology,461.97
29/07/2018,Office Supplies,137.62
29/07/2018,Furniture,302.67
2/9/2015,Technology,239.976
29/01/2018,Office Supplies,8.34
29/01/2018,Office Supplies,8.57
29/01/2018,Office Supplies,119.616
26/12/2017,Furniture,212.94
26/12/2017,Office Supplies,26.49
9/8/2016,Furniture,687.4
6/4/2015,Furniture,653.55
6/4/2015,Technology,33.9
17/11/2018,Technology,239.96
11/7/2016,Furniture,199.836
11/7/2016,Technology,716
11/7/2016,Office Supplies,221.06
10/11/2017,Office Supplies,67.71
10/11/2017,Office Supplies,129.92
10/11/2017,Furniture,467.46
10/11/2017,Office Supplies,61.4
10/11/2017,Office Supplies,720.76
10/11/2017,Office Supplies,5.184
10/11/2017,Office Supplies,14.7
31/03/2015,Office Supplies,8.134
31/03/2015,Technology,79.984
18/09/2016,Office Supplies,18.54
7/11/2016,Office Supplies,24.4
19/05/2018,Office Supplies,195.64
3/1/2016,Technology,398.4
3/1/2016,Office Supplies,7.056
3/1/2016,Furniture,1352.3976
8/9/2016,Office Supplies,26.4
8/9/2016,Office Supplies,41.88
3/4/2017,Office Supplies,99.846
5/12/2017,Technology,699.98
5/12/2017,Office Supplies,584.82
8/5/2016,Office Supplies,43.98
8/5/2016,Technology,377.97
8/5/2016,Furniture,123.96
22/09/2018,Technology,391.98
30/11/2018,Technology,383.976
30/11/2018,Furniture,1781.682
15/01/2018,Office Supplies,21.4
8/8/2015,Technology,549.99
8/8/2015,Office Supplies,167.535
8/8/2015,Office Supplies,38.34
8/8/2015,Furniture,53.88
8/8/2015,Technology,299.98
5/11/2016,Office Supplies,62.8
25/04/2018,Office Supplies,13.904
20/04/2015,Furniture,744.1
20/04/2015,Office Supplies,44.84
20/04/2015,Furniture,401.59
11/11/2018,Office Supplies,18.24
25/11/2018,Furniture,359.499
25/11/2018,Office Supplies,10.48
18/12/2016,Office Supplies,20.736
8/9/2017,Technology,35.168
8/9/2017,Office Supplies,64.704
6/6/2017,Office Supplies,105.52
19/06/2016,Office Supplies,5.792
5/3/2016,Technology,466.158
5/3/2016,Technology,10.312
5/3/2016,Office Supplies,2.556
4/8/2018,Office Supplies,7.968
4/8/2018,Office Supplies,8.784
30/12/2018,Office Supplies,3.024
23/05/2016,Office Supplies,51.45
6/12/2015,Office Supplies,14.016
6/12/2015,Furniture,214.95
6/12/2015,Technology,35.04
6/12/2015,Furniture,10.776
6/12/2015,Office Supplies,4.6
6/12/2015,Office Supplies,35.168
7/8/2016,Office Supplies,19.152
17/03/2015,Office Supplies,4.448
17/03/2015,Office Supplies,5.184
17/03/2015,Office Supplies,15.552
26/03/2016,Office Supplies,40.032
26/03/2016,Technology,16.776
14/12/2015,Furniture,186.304
19/09/2016,Technology,66.36
25/04/2018,Office Supplies,42.048
25/04/2018,Office Supplies,67.92
18/10/2015,Office Supplies,52.512
18/10/2015,Office Supplies,186.912
18/10/2015,Office Supplies,10.048
13/11/2016,Furniture,17.496
31/01/2017,Office Supplies,15.552
17/11/2017,Office Supplies,10.776
25/07/2018,Office Supplies,3.304
11/11/2018,Office Supplies,35.48
26/09/2016,Office Supplies,34.44
26/09/2016,Technology,629.93
26/09/2016,Office Supplies,79.056
4/4/2015,Office Supplies,232.55
4/4/2015,Technology,99.98
4/4/2015,Office Supplies,19.44
4/4/2015,Office Supplies,12.96
14/09/2015,Furniture,464.292
14/09/2015,Office Supplies,68.46
14/09/2015,Technology,2799.96
14/09/2015,Office Supplies,601.3
14/09/2015,Technology,16.99
14/09/2015,Technology,287.97
14/09/2015,Office Supplies,44.82
29/12/2018,Furniture,101.12
21/06/2016,Technology,107.976
26/11/2018,Office Supplies,58.73
26/11/2018,Office Supplies,93.344
23/10/2017,Office Supplies,17.05
14/12/2016,Office Supplies,8.096
13/11/2017,Furniture,30.36
29/09/2018,Office Supplies,23.34
29/09/2018,Office Supplies,51.55
8/11/2016,Technology,119.9
1/4/2017,Furniture,1317.492
1/4/2017,Office Supplies,63.84
1/4/2017,Office Supplies,3.592
2/2/2018,Furniture,86.26
2/2/2018,Office Supplies,139.04
2/2/2018,Office Supplies,46.8
24/12/2018,Furniture,8.544
24/12/2018,Furniture,842.376
21/06/2015,Technology,1214.85
6/3/2018,Office Supplies,67.78
25/09/2018,Office Supplies,39.9
30/06/2015,Office Supplies,2.688
30/06/2015,Office Supplies,6.6
7/8/2016,Office Supplies,28.4
7/8/2016,Furniture,212.94
30/06/2018,Technology,1001.584
30/06/2018,Furniture,569.058
30/06/2018,Furniture,14.224
26/10/2016,Technology,105.584
26/10/2016,Technology,68.72
30/07/2015,Furniture,1367.84
18/11/2017,Furniture,301.96
6/7/2016,Furniture,170.352
10/11/2015,Office Supplies,3.9
10/11/2015,Office Supplies,12.84
10/11/2015,Office Supplies,15.84
10/11/2015,Furniture,563.94
10/11/2015,Office Supplies,62.94
10/11/2015,Office Supplies,535.41
27/05/2017,Furniture,3504.9
27/05/2017,Office Supplies,144.12
27/05/2017,Office Supplies,314.55
8/3/2016,Office Supplies,3.408
19/10/2018,Office Supplies,2.072
19/10/2018,Furniture,328.3992
5/11/2017,Office Supplies,53.248
26/12/2017,Office Supplies,4.992
13/04/2016,Furniture,37.68
13/04/2016,Technology,258.576
13/04/2016,Office Supplies,75.84
12/9/2018,Office Supplies,45.36
12/9/2018,Office Supplies,45.78
24/09/2018,Office Supplies,40.29
24/09/2018,Office Supplies,38.71
10/10/2016,Office Supplies,1801.632
27/11/2016,Technology,748.752
13/09/2016,Technology,199.96
13/09/2016,Furniture,1516.2
14/11/2018,Technology,167.952
14/11/2018,Office Supplies,45.04
5/5/2018,Office Supplies,23.16
28/11/2015,Furniture,397.6
28/11/2015,Office Supplies,85.96
28/11/2015,Office Supplies,13.12
28/11/2015,Office Supplies,45.66
10/5/2015,Office Supplies,158.13
10/5/2015,Technology,43.6
3/3/2017,Office Supplies,3930.072
3/3/2017,Office Supplies,2.304
3/3/2017,Technology,431.976
3/3/2017,Technology,41.72
15/08/2016,Furniture,104.23
15/08/2016,Office Supplies,70.26
12/9/2016,Office Supplies,9.26
12/9/2016,Office Supplies,105.98
12/9/2016,Office Supplies,1.24
12/9/2016,Office Supplies,20.7
12/9/2016,Office Supplies,28.9
12/9/2016,Office Supplies,27.18
12/1/2016,Office Supplies,465.18
12/5/2016,Office Supplies,36.63
26/09/2017,Office Supplies,51.45
26/09/2017,Office Supplies,7.83
26/09/2017,Office Supplies,35.4
26/09/2017,Office Supplies,29.9
9/9/2018,Office Supplies,17.48
15/04/2018,Office Supplies,79.14
10/6/2018,Office Supplies,8.4
1/9/2018,Furniture,498.26
14/06/2015,Furniture,212.94
18/05/2018,Office Supplies,706.86
18/05/2018,Technology,114.95
18/05/2018,Office Supplies,43.19
12/9/2018,Office Supplies,166.44
21/06/2017,Office Supplies,36.56
21/06/2017,Office Supplies,186.144
21/06/2017,Furniture,353.568
26/11/2015,Office Supplies,81.98
19/03/2018,Office Supplies,14.624
19/03/2018,Furniture,697.16
19/03/2018,Furniture,30.93
19/03/2018,Office Supplies,27.496
18/10/2015,Furniture,605.34
22/08/2018,Furniture,210.008
19/11/2017,Office Supplies,54.96
20/09/2015,Furniture,164.22
20/09/2015,Furniture,362.94
20/09/2015,Technology,59.98
11/9/2017,Office Supplies,332.94
11/9/2017,Office Supplies,39.872
23/09/2017,Office Supplies,13.68
4/8/2018,Office Supplies,3.318
25/07/2017,Office Supplies,10.44
2/8/2017,Furniture,136.464
2/8/2017,Technology,333.576
2/8/2017,Office Supplies,12.544
21/05/2016,Office Supplies,20.768
3/11/2018,Technology,43.5
16/04/2016,Office Supplies,12.576
12/12/2017,Technology,249.95
12/12/2017,Office Supplies,49.12
30/10/2016,Office Supplies,182.91
7/3/2015,Office Supplies,107.648
5/3/2016,Furniture,99.372
5/3/2016,Furniture,33.568
8/8/2017,Office Supplies,10.56
3/1/2018,Office Supplies,38.88
9/10/2018,Office Supplies,35.2
20/10/2018,Office Supplies,45.528
7/9/2015,Technology,196.776
7/9/2015,Office Supplies,2.92
7/9/2015,Furniture,200.795
7/9/2015,Technology,46.688
7/9/2015,Office Supplies,21.864
30/09/2018,Office Supplies,11.76
30/09/2018,Office Supplies,167.94
30/09/2018,Office Supplies,3.89
16/11/2018,Technology,52.44
11/9/2018,Furniture,32.36
11/9/2018,Office Supplies,406.6
16/01/2018,Furniture,27.92
16/01/2018,Furniture,399.672
26/11/2017,Office Supplies,3.744
7/11/2016,Furniture,715.2
14/12/2018,Technology,159.8
14/12/2018,Technology,44.75
13/09/2015,Furniture,340.116
7/12/2015,Office Supplies,105.52
7/9/2018,Technology,13.48
7/10/2018,Office Supplies,85.52
5/9/2016,Furniture,6.16
5/9/2016,Office Supplies,36.84
30/03/2015,Office Supplies,15.84
30/03/2015,Office Supplies,44.4
5/5/2018,Office Supplies,21.24
5/5/2018,Office Supplies,9.552
5/5/2018,Furniture,89.991
30/04/2018,Office Supplies,163.96
8/9/2015,Office Supplies,17.904
8/9/2015,Furniture,966.7
8/9/2015,Office Supplies,182.112
20/06/2018,Office Supplies,4.464
26/12/2016,Furniture,51.588
15/08/2018,Office Supplies,50.4
4/3/2018,Office Supplies,89.568
27/07/2018,Furniture,14.89
27/07/2018,Technology,543.92
23/09/2017,Office Supplies,4.08
23/09/2017,Office Supplies,18.9
30/05/2017,Furniture,2275.5
30/05/2017,Technology,1979.7
30/05/2017,Office Supplies,62.1
16/11/2015,Furniture,37.296
21/09/2015,Furniture,8.544
21/02/2017,Furniture,68.95
21/02/2017,Office Supplies,296.37
21/02/2017,Technology,39.98
19/11/2018,Furniture,191.058
19/11/2018,Office Supplies,13.04
19/11/2018,Office Supplies,1525.188
21/08/2017,Office Supplies,9.216
21/08/2017,Office Supplies,28.048
30/04/2018,Furniture,64.96
30/04/2018,Office Supplies,30.56
2/5/2017,Furniture,187.056
2/10/2018,Furniture,11.808
2/10/2018,Furniture,9.656
2/10/2018,Office Supplies,20.736
2/10/2018,Office Supplies,27.36
2/10/2018,Furniture,2314.116
2/10/2018,Office Supplies,34.236
2/10/2018,Furniture,19.76
18/09/2018,Office Supplies,15.96
4/12/2016,Office Supplies,16.9
4/12/2016,Furniture,25.08
17/01/2016,Office Supplies,6.68
6/1/2015,Office Supplies,19.44
5/3/2016,Technology,31.92
25/12/2017,Office Supplies,33.568
4/9/2017,Furniture,63.94
4/9/2017,Office Supplies,60.6
4/9/2017,Office Supplies,22.72
26/08/2015,Furniture,10.68
26/08/2015,Office Supplies,17.34
26/08/2015,Office Supplies,3.38
21/05/2016,Office Supplies,26.976
16/10/2018,Office Supplies,307.776
9/11/2016,Office Supplies,244.55
9/11/2016,Office Supplies,12.24
9/11/2016,Technology,13.98
9/11/2016,Technology,899.95
21/11/2015,Office Supplies,1.632
21/11/2015,Technology,267.96
11/10/2016,Technology,31.95
21/03/2018,Office Supplies,725.84
21/03/2018,Office Supplies,10.896
21/03/2018,Office Supplies,8.544
4/1/2016,Office Supplies,32.34
4/1/2016,Office Supplies,39.9
9/12/2018,Office Supplies,143.856
6/9/2017,Office Supplies,41.92
6/9/2017,Technology,329.584
3/9/2017,Office Supplies,87.28
13/05/2015,Furniture,279.456
13/05/2015,Office Supplies,8
29/09/2017,Office Supplies,27.24
5/8/2015,Technology,16.36
5/8/2015,Office Supplies,15.78
5/8/2015,Office Supplies,45.98
14/04/2018,Furniture,198.272
9/6/2018,Office Supplies,720.76
29/12/2017,Furniture,70.56
29/12/2017,Office Supplies,81.96
18/01/2015,Office Supplies,64.864
20/11/2017,Technology,151.192
10/6/2018,Technology,88.776
10/6/2018,Office Supplies,11.56
10/6/2018,Office Supplies,15.58
10/9/2018,Office Supplies,85.056
8/4/2018,Furniture,273.96
8/4/2018,Furniture,306.9
24/10/2016,Office Supplies,15.552
24/10/2016,Furniture,347.361
24/10/2016,Office Supplies,10.368
27/05/2018,Technology,98.16
27/05/2018,Office Supplies,31.44
5/12/2015,Office Supplies,348.488
5/12/2015,Office Supplies,172.736
14/08/2017,Office Supplies,15.54
14/08/2017,Technology,105.552
5/9/2017,Office Supplies,25.92
5/9/2017,Office Supplies,15.808
5/9/2017,Office Supplies,10.368
26/06/2018,Technology,358.2
26/06/2018,Technology,545.916
12/3/2018,Office Supplies,40.41
18/02/2018,Technology,167.976
18/02/2018,Technology,109.53
18/02/2018,Office Supplies,9.82
10/11/2018,Office Supplies,26.352
19/11/2015,Office Supplies,22.5
19/11/2015,Office Supplies,9.96
19/11/2015,Office Supplies,213.08
19/11/2015,Furniture,1025.88
18/11/2015,Office Supplies,21.98
24/09/2017,Furniture,63.2
20/11/2017,Office Supplies,39
27/09/2017,Office Supplies,2.907
9/4/2017,Furniture,556.665
21/09/2018,Technology,71.98
21/09/2018,Technology,79.98
24/08/2018,Office Supplies,24.672
24/08/2018,Office Supplies,3.744
22/02/2017,Technology,445.96
22/02/2017,Technology,36.24
22/02/2017,Office Supplies,10.65
8/12/2018,Office Supplies,87.92
8/12/2018,Office Supplies,22.424
8/12/2018,Office Supplies,90.48
8/12/2018,Office Supplies,42.76
18/09/2018,Office Supplies,10.08
18/09/2018,Technology,101.34
11/9/2017,Technology,224.75
23/09/2018,Office Supplies,73.176
23/09/2018,Office Supplies,20.736
23/09/2018,Technology,39.984
6/10/2015,Office Supplies,15.36
23/10/2016,Office Supplies,36.288
23/10/2016,Technology,150.384
31/03/2017,Technology,280.782
31/03/2017,Technology,31.984
29/12/2017,Office Supplies,11.232
3/11/2018,Office Supplies,26.4
20/01/2018,Office Supplies,3.52
3/12/2017,Technology,1649.95
3/12/2017,Furniture,111.9
14/06/2017,Furniture,599.165
2/9/2017,Office Supplies,46.53
5/9/2015,Furniture,31.984
21/10/2018,Office Supplies,161.568
21/10/2018,Office Supplies,4.064
21/10/2018,Office Supplies,6.216
25/04/2018,Office Supplies,8.896
19/10/2016,Office Supplies,1640.7
19/10/2016,Technology,270
5/7/2015,Furniture,19.52
5/7/2015,Office Supplies,9.81
5/7/2015,Furniture,213.216
4/4/2017,Office Supplies,588.784
13/11/2018,Office Supplies,2.064
9/9/2018,Office Supplies,6.368
17/04/2016,Technology,99.6
17/04/2016,Office Supplies,62.296
17/04/2016,Office Supplies,10.71
25/07/2017,Office Supplies,20.936
26/08/2017,Technology,33
26/08/2017,Technology,249.95
12/9/2015,Office Supplies,357.93
12/9/2015,Technology,57.4
12/9/2015,Office Supplies,331.96
12/9/2015,Furniture,40.56
22/07/2017,Office Supplies,86.2
19/05/2018,Office Supplies,38.016
28/04/2018,Office Supplies,8.384
28/04/2018,Office Supplies,6.848
29/12/2018,Office Supplies,19.6
29/12/2018,Furniture,68.46
4/9/2018,Office Supplies,13.344
4/9/2018,Furniture,1478.272
21/03/2015,Office Supplies,16.272
28/09/2018,Furniture,9.24
19/01/2015,Office Supplies,32.34
19/01/2015,Office Supplies,56.064
19/01/2015,Office Supplies,108.72
19/01/2015,Furniture,181.47
14/02/2015,Office Supplies,16.176
9/6/2017,Furniture,122.352
26/09/2015,Furniture,585.552
26/09/2015,Office Supplies,19.44
30/05/2017,Office Supplies,123.92
19/12/2018,Furniture,13.36
19/12/2018,Office Supplies,78.256
19/12/2018,Furniture,102.018
26/12/2018,Office Supplies,750.68
15/06/2018,Office Supplies,44.4
15/06/2018,Office Supplies,84.55
15/06/2018,Office Supplies,17.94
20/11/2017,Office Supplies,128.4
31/03/2015,Office Supplies,1.869
8/10/2018,Technology,103.192
8/10/2018,Technology,36
8/10/2018,Technology,239.96
8/10/2018,Office Supplies,40.68
30/01/2018,Furniture,419.136
12/12/2015,Office Supplies,23.472
24/10/2016,Office Supplies,3.592
1/4/2018,Technology,23.976
1/4/2018,Office Supplies,6.264
1/4/2018,Office Supplies,20.808
1/4/2018,Furniture,218.352
26/01/2018,Office Supplies,18.16
28/11/2015,Office Supplies,7.36
28/11/2015,Office Supplies,41.4
28/11/2015,Furniture,411.332
4/9/2016,Office Supplies,7.656
12/6/2018,Technology,63.92
15/07/2018,Office Supplies,6.56
15/07/2018,Office Supplies,7.83
15/07/2018,Technology,41.9
15/07/2018,Furniture,664.146
15/07/2018,Office Supplies,8.96
2/11/2018,Furniture,3.312
2/11/2018,Office Supplies,20.136
2/11/2018,Office Supplies,8.856
2/11/2018,Technology,859.2
8/10/2017,Office Supplies,61.96
8/4/2017,Office Supplies,17.92
8/10/2016,Furniture,145.9
15/05/2018,Office Supplies,56.704
15/05/2018,Technology,11.12
24/02/2015,Office Supplies,32.896
24/02/2015,Office Supplies,22.776
30/05/2016,Technology,239.97
30/05/2016,Office Supplies,160.32
30/05/2016,Technology,128.85
18/11/2017,Technology,1319.96
4/12/2018,Furniture,239.96
4/12/2018,Furniture,54.768
4/12/2018,Office Supplies,13.392
4/12/2018,Office Supplies,23.92
4/12/2018,Technology,255.968
5/6/2017,Office Supplies,21.552
5/6/2017,Office Supplies,58.24
10/12/2017,Office Supplies,80.28
30/04/2018,Office Supplies,9.78
24/04/2018,Office Supplies,1.81
8/5/2016,Office Supplies,37.94
31/03/2016,Technology,79.96
6/8/2018,Office Supplies,115.296
2/12/2018,Technology,2479.96
6/6/2017,Technology,179.94
6/6/2017,Technology,26.85
6/6/2017,Technology,323.37
6/6/2017,Office Supplies,59.94
6/6/2017,Office Supplies,64.14
6/6/2017,Office Supplies,11.67
6/6/2017,Office Supplies,12.96
13/04/2016,Office Supplies,17.43
22/05/2018,Furniture,181.986
22/05/2018,Office Supplies,1.592
22/05/2018,Office Supplies,22.344
19/12/2017,Furniture,455.97
19/12/2017,Office Supplies,10.44
19/12/2017,Office Supplies,5.214
22/09/2018,Office Supplies,67.4
7/9/2018,Furniture,25.16
7/9/2018,Technology,126.56
28/11/2015,Office Supplies,43.68
28/11/2015,Technology,139.93
12/11/2015,Office Supplies,2.672
12/11/2015,Office Supplies,16.656
12/11/2015,Technology,79.512
12/11/2015,Office Supplies,36.288
12/11/2015,Furniture,67.9932
2/10/2018,Furniture,10.16
14/12/2016,Furniture,6.16
14/12/2016,Office Supplies,56.3
6/12/2016,Office Supplies,6.48
6/12/2016,Office Supplies,1325.85
6/12/2016,Office Supplies,14.94
31/03/2018,Office Supplies,34.54
31/03/2018,Technology,2999.95
31/03/2018,Office Supplies,64.12
13/03/2018,Office Supplies,19.456
13/03/2018,Technology,209.986
13/03/2018,Office Supplies,29.76
13/03/2018,Furniture,89.768
13/03/2018,Technology,959.984
13/03/2018,Office Supplies,15.552
13/03/2018,Technology,34.36
5/12/2015,Office Supplies,98.376
5/12/2015,Office Supplies,29.94
5/12/2015,Office Supplies,17.472
5/12/2015,Technology,36.738
5/12/2015,Technology,179.94
12/12/2017,Furniture,383.64
12/12/2017,Office Supplies,56.52
9/9/2018,Office Supplies,6.56
9/9/2018,Furniture,243.92
9/9/2018,Office Supplies,47.52
4/10/2018,Furniture,19.98
9/5/2017,Office Supplies,8
15/12/2015,Furniture,6.16
30/11/2018,Office Supplies,83.56
30/11/2018,Technology,546.06
30/11/2018,Office Supplies,269.49
19/03/2016,Office Supplies,10.9
19/07/2015,Office Supplies,6.096
8/12/2017,Office Supplies,34.05
8/12/2017,Office Supplies,352.38
13/10/2015,Furniture,245.98
13/10/2015,Office Supplies,18.94
19/11/2018,Office Supplies,59.913
24/09/2018,Technology,391.98
24/09/2018,Technology,437.85
25/09/2016,Office Supplies,68.62
13/02/2018,Office Supplies,25.02
13/02/2018,Office Supplies,10.71
3/10/2015,Office Supplies,55.984
3/10/2015,Office Supplies,14.48
3/10/2015,Technology,142.488
27/08/2017,Office Supplies,14.16
27/08/2017,Office Supplies,79.92
3/12/2016,Office Supplies,590.352
20/09/2017,Furniture,17.088
20/09/2017,Furniture,98.392
25/03/2018,Office Supplies,11.05
6/12/2016,Office Supplies,7.78
31/08/2018,Technology,659.9
5/10/2016,Technology,53.04
18/08/2018,Technology,843.9
18/08/2018,Technology,1496.16
2/2/2017,Office Supplies,117.96
23/08/2017,Office Supplies,21.3
23/08/2017,Office Supplies,1040.8
23/08/2017,Office Supplies,29.34
30/06/2018,Furniture,19.52
18/09/2016,Office Supplies,443.92
25/09/2017,Technology,499.95
25/09/2017,Office Supplies,3.04
25/09/2017,Furniture,201.96
25/09/2017,Furniture,68.64
24/10/2017,Technology,100
24/10/2017,Technology,359.98
29/09/2015,Furniture,6.16
29/09/2015,Furniture,2348.82
26/06/2018,Office Supplies,13.872
26/06/2018,Furniture,273.552
21/08/2017,Furniture,815.292
11/2/2015,Technology,234.45
11/2/2015,Furniture,1256.22
11/2/2015,Office Supplies,17.46
23/09/2017,Office Supplies,10.528
5/12/2016,Office Supplies,152.8
3/9/2018,Office Supplies,82.56
3/9/2018,Technology,284.97
26/03/2018,Furniture,60.84
21/12/2015,Furniture,1325.76
21/12/2015,Furniture,572.16
23/09/2015,Office Supplies,28.8
2/4/2018,Office Supplies,11.12
1/4/2017,Furniture,7.04
15/05/2016,Office Supplies,17.94
23/03/2018,Office Supplies,34.76
14/04/2018,Furniture,74.45
4/1/2016,Furniture,192.22
2/11/2018,Office Supplies,19.44
17/07/2018,Office Supplies,32.4
17/07/2018,Office Supplies,57.9
17/07/2018,Office Supplies,10.56
17/07/2018,Furniture,1194.165
6/10/2018,Office Supplies,40.99
4/11/2015,Office Supplies,2.94
18/12/2017,Office Supplies,45.24
18/12/2017,Office Supplies,18.688
18/12/2017,Office Supplies,11.648
18/12/2017,Technology,112.776
18/12/2017,Furniture,377.45
18/12/2017,Office Supplies,15.936
18/12/2017,Technology,28.68
24/09/2017,Furniture,21.44
24/09/2017,Office Supplies,511.056
21/07/2017,Office Supplies,18.656
21/07/2017,Office Supplies,11.088
21/07/2017,Office Supplies,66.688
21/07/2017,Office Supplies,99.488
11/6/2017,Office Supplies,14.62
11/6/2017,Office Supplies,53.984
11/6/2017,Technology,389.97
9/6/2016,Furniture,355.36
9/6/2016,Technology,140.376
27/10/2018,Office Supplies,15.84
27/10/2018,Office Supplies,8.448
22/01/2017,Office Supplies,12.96
28/05/2015,Technology,57.408
28/05/2015,Technology,27.6
29/12/2015,Furniture,38.976
28/07/2017,Office Supplies,20.44
28/07/2017,Office Supplies,109.92
24/09/2017,Office Supplies,6.38
24/09/2017,Office Supplies,6.48
2/4/2015,Office Supplies,15.84
2/4/2015,Technology,1049.93
2/4/2015,Office Supplies,154.9
5/11/2016,Office Supplies,98.352
28/07/2015,Office Supplies,14.32
28/07/2015,Furniture,129.888
28/07/2015,Office Supplies,48.944
26/12/2016,Furniture,275.058
10/12/2016,Office Supplies,27.36
10/12/2016,Office Supplies,44.75
10/12/2016,Technology,134.99
10/12/2016,Office Supplies,26.4
10/12/2016,Furniture,542.94
5/5/2017,Furniture,71.088
14/10/2018,Office Supplies,27.396
14/10/2018,Office Supplies,13.456
5/11/2017,Office Supplies,11.84
3/11/2018,Office Supplies,35.88
24/11/2017,Office Supplies,40.752
24/11/2017,Technology,139.96
14/12/2015,Office Supplies,2.624
14/12/2015,Furniture,136.53
14/12/2015,Technology,263.96
3/11/2015,Office Supplies,11.64
22/09/2018,Office Supplies,40.176
8/5/2016,Furniture,79.44
8/5/2016,Office Supplies,357.93
8/5/2016,Furniture,127.764
8/5/2016,Technology,2799.944
8/5/2016,Office Supplies,19.44
31/07/2018,Technology,36.792
1/3/2015,Technology,5.94
25/09/2018,Office Supplies,177.55
9/10/2016,Technology,619.95
9/10/2016,Technology,29.16
9/10/2016,Office Supplies,57.96
9/10/2016,Office Supplies,29.403
29/03/2018,Office Supplies,81.4
14/11/2016,Office Supplies,8.72
14/11/2016,Technology,91.176
14/11/2016,Technology,159.968
26/09/2017,Office Supplies,12.96
22/09/2015,Office Supplies,331.536
25/09/2016,Technology,899.91
4/5/2016,Technology,946.344
8/12/2018,Technology,178.11
8/12/2018,Office Supplies,1089.75
8/12/2018,Office Supplies,61.06
8/12/2018,Furniture,459.92
8/12/2018,Office Supplies,27.52
29/06/2018,Furniture,638.82
29/06/2018,Office Supplies,30.69
29/06/2018,Furniture,25.16
29/06/2015,Office Supplies,13.92
20/01/2015,Office Supplies,19.36
20/01/2015,Furniture,19.3
31/12/2017,Office Supplies,38.376
28/03/2018,Office Supplies,12.96
28/03/2018,Furniture,26.48
28/03/2018,Technology,532.72
28/03/2018,Office Supplies,26.72
28/03/2018,Office Supplies,20.04
28/03/2018,Office Supplies,795.48
28/03/2018,Furniture,21.56
8/12/2017,Technology,249.584
8/12/2017,Technology,68.112
8/12/2017,Technology,16.56
18/11/2018,Technology,74.95
30/05/2015,Furniture,355.455
22/01/2017,Office Supplies,44.4
22/01/2017,Office Supplies,20.65
3/2/2017,Furniture,866.4
29/03/2016,Office Supplies,5.56
14/10/2015,Office Supplies,3.16
14/10/2015,Technology,1999.96
11/8/2016,Furniture,46.152
22/11/2016,Technology,32.985
30/12/2017,Office Supplies,481.32
30/12/2017,Office Supplies,6.384
12/8/2018,Office Supplies,542.94
12/8/2018,Furniture,54.92
3/11/2016,Furniture,1448.82
10/9/2016,Office Supplies,353.88
8/11/2015,Technology,333.576
8/10/2017,Office Supplies,60.144
8/9/2018,Technology,85.2
25/02/2016,Office Supplies,3.15
25/02/2016,Office Supplies,22.72
24/09/2016,Furniture,14.91
24/09/2016,Office Supplies,1158.12
26/11/2016,Technology,599.99
31/08/2017,Office Supplies,23.968
12/4/2017,Furniture,638.288
12/4/2017,Office Supplies,13.208
4/12/2017,Office Supplies,15.528
4/12/2017,Office Supplies,104.85
11/11/2015,Office Supplies,30.48
11/11/2015,Furniture,112.648
2/4/2016,Technology,71.976
12/12/2016,Office Supplies,2.21
12/12/2016,Office Supplies,15.52
12/12/2016,Office Supplies,36.44
2/10/2018,Furniture,217.764
2/10/2018,Office Supplies,39.072
2/10/2018,Office Supplies,22.638
2/10/2018,Office Supplies,95.144
10/4/2018,Furniture,12.32
10/4/2018,Office Supplies,4.419
29/09/2018,Office Supplies,35
29/09/2018,Furniture,72.784
29/09/2018,Office Supplies,97.84
29/09/2018,Furniture,51.75
29/09/2018,Office Supplies,46.672
29/09/2015,Office Supplies,1395.54
29/09/2015,Furniture,117.36
29/09/2015,Office Supplies,18.9
29/09/2015,Office Supplies,77.52
20/08/2015,Furniture,421.372
11/7/2015,Technology,575.968
11/7/2015,Office Supplies,10.368
22/03/2016,Technology,15.984
12/5/2018,Office Supplies,10.272
13/11/2018,Office Supplies,61.792
13/11/2018,Furniture,205.9992
4/9/2017,Office Supplies,12.192
4/9/2017,Office Supplies,87.168
4/9/2017,Office Supplies,31.744
6/2/2017,Furniture,132.224
22/03/2016,Office Supplies,105.52
22/03/2016,Furniture,91.96
22/03/2016,Technology,1487.976
2/7/2016,Office Supplies,19.44
15/06/2016,Technology,11.672
26/11/2015,Technology,279.96
26/11/2015,Office Supplies,12.912
26/11/2015,Office Supplies,17.088
26/11/2015,Office Supplies,93.15
26/11/2015,Office Supplies,11.52
12/5/2018,Office Supplies,238.62
12/5/2018,Office Supplies,7.77
12/5/2018,Furniture,285.48
12/5/2018,Office Supplies,19.168
2/5/2015,Office Supplies,26.136
3/9/2018,Office Supplies,419.4
3/9/2018,Furniture,90.801
3/9/2018,Furniture,181.764
3/9/2018,Office Supplies,5.56
3/12/2017,Furniture,581.96
3/12/2017,Furniture,29.98
18/07/2016,Technology,519.96
21/07/2017,Office Supplies,6.264
21/07/2017,Furniture,363.92
9/6/2016,Office Supplies,64.2
9/6/2016,Office Supplies,38.52
9/6/2016,Technology,72.6
27/11/2018,Technology,57.568
27/03/2016,Office Supplies,83.7
22/09/2016,Office Supplies,32.4
22/09/2016,Furniture,47.98
17/11/2016,Technology,415.968
17/11/2016,Office Supplies,304.9
17/11/2016,Furniture,80.96
17/11/2016,Office Supplies,777.21
17/11/2016,Office Supplies,32.4
17/11/2016,Furniture,225.568
17/11/2016,Furniture,36.6
10/11/2016,Office Supplies,715.64
10/11/2016,Office Supplies,795.51
10/11/2016,Technology,549.99
10/11/2016,Office Supplies,74.76
10/11/2016,Furniture,29.22
10/9/2015,Office Supplies,9.64
5/8/2016,Office Supplies,33.488
5/8/2016,Office Supplies,23.04
5/8/2016,Office Supplies,1.362
5/8/2016,Furniture,14.76
3/9/2018,Furniture,239.666
1/11/2016,Furniture,301.96
29/04/2016,Office Supplies,7.968
1/5/2017,Office Supplies,109.92
1/5/2017,Office Supplies,19.44
1/5/2017,Office Supplies,11.16
5/8/2015,Office Supplies,79.47
5/8/2015,Office Supplies,4.56
5/8/2015,Furniture,1133.35
4/1/2017,Office Supplies,4.672
4/1/2017,Office Supplies,104.58
7/11/2017,Furniture,1603.136
14/06/2017,Furniture,1293.488
24/09/2017,Furniture,127.95
30/03/2018,Office Supplies,59.76
4/6/2018,Office Supplies,108.08
4/6/2018,Office Supplies,9.54
7/4/2016,Office Supplies,11.736
21/05/2015,Office Supplies,447.86
21/05/2015,Office Supplies,17.94
21/05/2015,Office Supplies,245.88
5/9/2017,Office Supplies,192.16
18/09/2017,Furniture,801.568
18/09/2017,Office Supplies,368.91
18/09/2017,Furniture,885.528
13/03/2017,Furniture,28.28
13/03/2017,Office Supplies,4912.59
16/10/2015,Office Supplies,14.352
16/10/2015,Technology,179.97
8/10/2018,Office Supplies,42.76
7/5/2016,Office Supplies,45.68
14/04/2017,Office Supplies,25.06
21/11/2017,Office Supplies,38.432
21/11/2017,Office Supplies,21.568
21/11/2017,Technology,81.576
10/9/2018,Office Supplies,2.78
9/9/2018,Office Supplies,99.87
1/11/2015,Office Supplies,44.4
1/11/2015,Office Supplies,21.4
3/4/2017,Furniture,71.12
3/4/2017,Technology,259.96
12/1/2018,Office Supplies,9.78
20/11/2016,Office Supplies,24.192
27/11/2017,Furniture,31.56
6/11/2018,Office Supplies,59.94
6/11/2018,Office Supplies,45.36
6/11/2018,Office Supplies,26.4
6/11/2018,Office Supplies,41.4
6/11/2018,Technology,16.95
2/12/2017,Office Supplies,24.704
2/12/2017,Office Supplies,59.7
2/12/2017,Furniture,14.52
2/12/2017,Office Supplies,104.184
17/12/2017,Office Supplies,46.53
24/08/2015,Office Supplies,25.5
17/09/2016,Office Supplies,14.9
17/09/2016,Office Supplies,87.71
17/09/2016,Furniture,199.764
17/09/2016,Office Supplies,94.6
17/09/2016,Furniture,4228.704
17/09/2016,Furniture,2003.92
17/09/2016,Technology,209.97
17/09/2016,Technology,659.9
17/09/2016,Office Supplies,110.96
17/09/2016,Technology,67.8
26/11/2017,Furniture,313.176
19/11/2018,Office Supplies,22.96
3/6/2018,Technology,1099.5
8/4/2015,Furniture,1215.92
11/10/2015,Office Supplies,7.31
11/10/2015,Furniture,8.92
7/7/2018,Furniture,87.21
7/7/2018,Office Supplies,15.552
7/7/2018,Technology,683.988
7/7/2018,Office Supplies,13.392
7/7/2018,Technology,16.776
7/7/2018,Technology,527.92
4/7/2017,Furniture,25.4
4/7/2017,Technology,177.48
4/7/2017,Technology,71.976
19/05/2018,Technology,95.992
19/05/2018,Office Supplies,13.216
12/10/2018,Technology,435.84
12/10/2018,Office Supplies,5.88
6/8/2017,Technology,211.168
25/08/2015,Furniture,6.28
25/08/2015,Technology,95.1
25/08/2015,Office Supplies,25.92
25/08/2015,Office Supplies,48.84
14/09/2016,Office Supplies,25.9
5/3/2018,Office Supplies,42.68
5/3/2018,Technology,299.97
5/3/2018,Office Supplies,262.24
5/3/2018,Office Supplies,234.36
15/04/2018,Office Supplies,20.736
30/03/2015,Office Supplies,10.5
11/11/2015,Furniture,23.968
11/11/2015,Furniture,521.96
12/3/2017,Office Supplies,676.55
12/3/2017,Office Supplies,154.9
12/3/2017,Office Supplies,30.56
12/3/2017,Furniture,770.352
9/2/2018,Furniture,21.12
11/11/2015,Technology,575.928
11/11/2015,Office Supplies,7.78
11/11/2015,Office Supplies,123.92
20/08/2018,Office Supplies,17.22
20/08/2018,Office Supplies,226.56
20/08/2018,Technology,107.88
15/01/2017,Office Supplies,81.98
20/07/2015,Office Supplies,104.85
20/07/2015,Office Supplies,8.704
20/07/2015,Office Supplies,19.92
20/07/2015,Furniture,43.02
6/2/2018,Furniture,240.784
25/12/2016,Office Supplies,414.96
8/10/2017,Office Supplies,387.72
13/07/2018,Office Supplies,360.38
13/07/2018,Office Supplies,13.56
24/04/2018,Technology,552
7/9/2015,Furniture,429.9
7/9/2015,Office Supplies,32.06
7/9/2015,Furniture,161.96
7/9/2015,Office Supplies,19.86
21/11/2017,Office Supplies,12.96
16/09/2018,Office Supplies,20.544
19/07/2017,Furniture,185.58
19/07/2017,Office Supplies,77.56
19/07/2017,Office Supplies,87.92
19/07/2017,Office Supplies,245.94
19/07/2017,Office Supplies,8.6
19/07/2017,Furniture,504.9
15/09/2018,Office Supplies,2357.488
15/09/2018,Technology,369.544
15/09/2018,Furniture,184.752
11/12/2017,Office Supplies,64.96
11/12/2017,Office Supplies,13.52
11/12/2017,Furniture,458.43
11/12/2017,Office Supplies,387.136
11/12/2017,Furniture,328.59
10/12/2015,Furniture,338.352
10/12/2015,Office Supplies,25.92
10/12/2015,Office Supplies,91.36
13/12/2015,Furniture,87.96
13/12/2015,Office Supplies,5.214
21/09/2018,Office Supplies,12.294
7/9/2018,Furniture,19.76
2/11/2016,Furniture,109.764
11/12/2018,Technology,128.85
1/4/2018,Furniture,127.95
30/12/2016,Office Supplies,68.52
30/12/2016,Office Supplies,74.94
30/12/2016,Technology,2548.56
30/12/2016,Office Supplies,271.44
30/12/2016,Technology,287.88
10/3/2017,Office Supplies,14.9
10/3/2017,Technology,4158.912
6/4/2015,Furniture,91.96
6/4/2015,Furniture,33.11
6/4/2015,Office Supplies,19.44
6/4/2015,Office Supplies,55.48
5/10/2015,Office Supplies,91.92
13/08/2017,Office Supplies,17.34
13/08/2017,Technology,71.98
17/11/2015,Office Supplies,7.08
24/04/2018,Technology,69.98
24/08/2018,Office Supplies,646.272
24/08/2018,Office Supplies,10.368
23/02/2018,Office Supplies,8.4
23/02/2018,Technology,71.96
19/11/2017,Office Supplies,18.48
14/11/2017,Office Supplies,9.84
6/7/2018,Furniture,239.24
25/12/2017,Furniture,21.12
23/04/2018,Office Supplies,54.9
14/12/2016,Furniture,15.24
19/04/2016,Office Supplies,19.568
19/04/2016,Office Supplies,310.392
4/9/2017,Furniture,42.6
4/9/2017,Office Supplies,113.94
4/9/2017,Office Supplies,129.92
4/9/2017,Office Supplies,5.28
24/09/2018,Technology,859.2
24/09/2018,Technology,506.28
4/2/2017,Furniture,14.368
19/05/2018,Furniture,314.352
19/05/2018,Office Supplies,27.888
3/9/2016,Furniture,238.152
9/6/2017,Furniture,692.94
7/11/2016,Office Supplies,16.146
7/11/2016,Office Supplies,1345.485
15/06/2017,Office Supplies,173.488
25/04/2016,Office Supplies,57.75
25/04/2016,Office Supplies,272.4
23/09/2017,Office Supplies,11.952
23/09/2017,Furniture,28
23/09/2017,Office Supplies,12.201
18/08/2017,Office Supplies,2.068
18/08/2017,Office Supplies,83.84
2/3/2015,Office Supplies,11.36
2/3/2015,Office Supplies,36.4
30/12/2015,Technology,27.968
10/4/2016,Office Supplies,142.04
10/4/2016,Office Supplies,14.67
25/12/2016,Technology,1199.96
25/12/2016,Office Supplies,12.6
25/12/2016,Office Supplies,17.94
5/4/2016,Office Supplies,23.904
17/01/2016,Office Supplies,88.96
20/05/2018,Furniture,518.272
20/05/2018,Furniture,6.98
20/05/2018,Technology,343.2
13/08/2018,Office Supplies,17.544
31/12/2016,Office Supplies,152.688
31/12/2016,Office Supplies,3.488
31/12/2016,Office Supplies,5.888
25/12/2018,Office Supplies,153.552
25/12/2018,Office Supplies,270.62
1/9/2017,Technology,468.9
1/9/2017,Technology,72.48
1/9/2017,Office Supplies,10.95
1/9/2017,Furniture,191.82
5/8/2018,Office Supplies,151.056
18/02/2015,Furniture,25.16
22/11/2017,Office Supplies,6.216
22/11/2017,Office Supplies,23.616
22/11/2017,Technology,24.032
22/11/2017,Office Supplies,2.088
22/11/2017,Office Supplies,4.488
14/12/2016,Furniture,29.22
13/06/2016,Office Supplies,6.48
28/12/2018,Office Supplies,1.188
20/09/2018,Furniture,272.646
20/09/2018,Technology,212.8
20/09/2018,Office Supplies,38.52
20/09/2018,Technology,72.64
20/09/2018,Office Supplies,45.4
20/09/2018,Office Supplies,13.76
20/09/2018,Furniture,80.991
20/09/2018,Office Supplies,11.784
20/09/2018,Office Supplies,4.36
20/09/2018,Furniture,2888.127
20/09/2018,Technology,1299.66
20/09/2018,Furniture,2254.41
20/09/2018,Technology,104.85
20/09/2018,Technology,59.97
22/08/2018,Furniture,314.532
18/06/2016,Office Supplies,13.632
20/12/2015,Office Supplies,19.432
20/12/2015,Technology,65.44
11/9/2017,Office Supplies,6
11/9/2017,Office Supplies,1.908
12/11/2017,Furniture,1474.802
12/11/2017,Office Supplies,110.096
12/11/2017,Office Supplies,16.752
12/11/2017,Furniture,1537.074
12/11/2017,Furniture,449.372
14/03/2017,Office Supplies,41.904
13/11/2017,Technology,2279.96
13/11/2017,Office Supplies,14.94
19/09/2018,Technology,191.976
19/09/2018,Office Supplies,23.832
19/09/2018,Furniture,409.216
19/09/2018,Furniture,72.588
4/12/2018,Office Supplies,61.568
31/08/2016,Office Supplies,20.96
3/6/2018,Technology,44.75
3/6/2018,Office Supplies,11.96
3/6/2018,Office Supplies,3.912
31/03/2017,Furniture,327.996
25/10/2015,Office Supplies,49.408
26/03/2018,Technology,53.25
26/03/2018,Office Supplies,3.76
27/12/2015,Furniture,767.214
15/09/2018,Office Supplies,163.96
16/08/2017,Furniture,161.28
4/11/2017,Office Supplies,192.8
18/10/2016,Technology,27.696
18/10/2016,Office Supplies,73.164
31/10/2017,Office Supplies,32.064
30/03/2015,Furniture,205.666
18/04/2016,Office Supplies,115.44
9/7/2018,Office Supplies,274.8
9/7/2018,Office Supplies,195.64
9/7/2018,Technology,257.98
9/7/2018,Office Supplies,119.04
27/06/2018,Office Supplies,20.07
22/12/2015,Office Supplies,11.76
21/11/2018,Office Supplies,11.76
21/11/2018,Office Supplies,40.736
27/06/2017,Technology,201.584
28/12/2018,Furniture,340.704
8/4/2017,Furniture,354.9
18/03/2015,Furniture,1198.33
3/7/2018,Office Supplies,87.92
20/04/2018,Furniture,51.968
20/04/2018,Office Supplies,51.336
20/04/2018,Office Supplies,332.704
20/04/2018,Furniture,42.408
3/8/2017,Office Supplies,81.54
3/8/2017,Technology,167.28
3/12/2017,Office Supplies,772.68
19/03/2015,Technology,323.976
19/03/2015,Office Supplies,11.808
19/03/2015,Office Supplies,26.16
19/03/2015,Office Supplies,33.57
19/03/2015,Furniture,4.992
19/03/2015,Furniture,20.016
19/03/2015,Technology,170.24
20/04/2016,Office Supplies,117.456
19/09/2016,Office Supplies,22.96
27/08/2015,Office Supplies,13.36
19/12/2017,Office Supplies,34.248
19/12/2017,Office Supplies,3.52
2/8/2015,Office Supplies,26.7
2/8/2015,Technology,21.2
2/8/2015,Office Supplies,838.38
21/09/2016,Furniture,1690.04
21/09/2016,Office Supplies,85.96
21/09/2016,Office Supplies,121.96
21/09/2016,Office Supplies,23.92
21/09/2016,Office Supplies,63.96
21/09/2016,Technology,629.95
21/09/2016,Technology,113.73
21/09/2016,Office Supplies,14.6
21/09/2016,Office Supplies,887.84
11/12/2017,Furniture,403.92
7/8/2016,Office Supplies,106.8
15/11/2016,Office Supplies,70.95
15/11/2016,Office Supplies,34.944
15/11/2016,Office Supplies,119.04
4/4/2018,Technology,383.84
24/12/2017,Furniture,799.56
13/12/2018,Office Supplies,31.44
22/12/2018,Office Supplies,25.92
22/12/2018,Office Supplies,6.33
22/12/2018,Office Supplies,75.88
21/10/2018,Technology,329.988
21/10/2018,Office Supplies,71.376
13/11/2016,Office Supplies,63.77
13/11/2016,Technology,50.97
13/11/2016,Office Supplies,96.08
16/04/2016,Technology,1439.968
16/04/2016,Technology,43.56
16/12/2017,Furniture,563.92
21/10/2017,Technology,235.152
1/12/2018,Furniture,7.712
20/10/2017,Office Supplies,51.016
20/10/2017,Office Supplies,25.248
20/10/2017,Furniture,56.686
29/09/2018,Office Supplies,51.168
18/08/2018,Office Supplies,2793.528
18/08/2018,Office Supplies,1000.02
18/08/2018,Furniture,65.94
12/11/2018,Office Supplies,18.24
12/11/2018,Office Supplies,76.12
11/10/2015,Office Supplies,7.64
28/11/2016,Furniture,68.16
28/11/2016,Office Supplies,62.24
27/07/2016,Technology,29.97
20/10/2017,Technology,125.7
20/10/2017,Technology,191.98
20/10/2017,Office Supplies,20.86
14/09/2018,Office Supplies,56.7
23/12/2018,Furniture,72.704
23/12/2018,Office Supplies,12.264
23/12/2018,Office Supplies,218.352
5/10/2016,Furniture,66.294
5/10/2016,Furniture,291.168
2/11/2015,Technology,88.776
22/01/2017,Technology,110.376
22/01/2017,Technology,55.176
11/7/2018,Office Supplies,30.32
11/9/2018,Furniture,177.568
11/9/2018,Office Supplies,19.44
11/9/2018,Office Supplies,71.28
11/9/2018,Office Supplies,1471.96
11/9/2018,Technology,79.96
23/02/2017,Office Supplies,57.576
22/01/2017,Office Supplies,26.336
12/12/2016,Furniture,166.5
12/12/2016,Office Supplies,360.38
29/10/2017,Office Supplies,11.744
28/05/2018,Furniture,247.44
21/12/2015,Office Supplies,18.24
24/11/2017,Office Supplies,25.35
20/11/2016,Office Supplies,119.04
20/11/2016,Furniture,22.14
20/11/2016,Technology,13.98
29/05/2018,Office Supplies,43.41
29/05/2018,Furniture,6.24
29/05/2018,Office Supplies,465.16
29/05/2018,Office Supplies,7.98
2/12/2015,Office Supplies,2.394
7/4/2015,Office Supplies,58.32
7/4/2015,Technology,200.97
8/9/2016,Furniture,21.36
9/9/2018,Office Supplies,9.856
6/9/2016,Office Supplies,3.444
2/11/2018,Office Supplies,384.592
28/03/2016,Office Supplies,22.92
13/08/2016,Office Supplies,11.36
12/5/2016,Office Supplies,14.592
23/07/2018,Office Supplies,41.4
24/09/2017,Office Supplies,442.372
5/5/2018,Office Supplies,34.5
6/10/2017,Office Supplies,28.85
3/11/2015,Office Supplies,3.488
3/11/2015,Office Supplies,143.856
1/10/2016,Technology,311.98
1/10/2016,Office Supplies,22.45
2/12/2018,Technology,39.992
2/12/2018,Furniture,1159.056
2/12/2018,Office Supplies,179.9
11/12/2018,Technology,116.312
17/07/2017,Furniture,12.42
17/07/2017,Technology,428.4
17/07/2017,Furniture,24.75
17/07/2017,Office Supplies,87.71
17/07/2017,Office Supplies,69.52
17/07/2017,Technology,20.784
17/07/2017,Office Supplies,12.816
12/5/2018,Office Supplies,5.904
20/11/2016,Furniture,63.824
20/11/2016,Office Supplies,141.552
24/09/2017,Office Supplies,304.9
24/09/2017,Furniture,563.24
21/10/2017,Furniture,661.176
24/10/2017,Technology,239.976
8/7/2015,Furniture,502.488
8/7/2015,Office Supplies,196.704
13/03/2016,Furniture,915.136
13/03/2016,Furniture,327.76
2/12/2018,Furniture,701.96
22/04/2016,Technology,88.776
22/04/2016,Office Supplies,64.14
16/09/2015,Office Supplies,33.552
28/12/2015,Office Supplies,1737.18
28/12/2015,Office Supplies,704.25
28/12/2015,Office Supplies,141.76
21/10/2015,Office Supplies,36.36
30/11/2018,Furniture,25.83
6/6/2015,Office Supplies,24.588
6/6/2015,Office Supplies,13.984
23/11/2018,Technology,195.96
18/06/2018,Office Supplies,74.352
5/5/2018,Office Supplies,6.68
4/11/2017,Office Supplies,17.584
4/11/2017,Furniture,104.784
4/11/2017,Office Supplies,47.952
4/11/2017,Furniture,650.352
4/11/2017,Office Supplies,629.184
4/11/2017,Office Supplies,15.176
11/9/2015,Furniture,127.95
16/02/2018,Office Supplies,579.51
16/02/2018,Technology,14.99
24/11/2015,Office Supplies,151.92
24/11/2015,Office Supplies,196.62
24/11/2015,Office Supplies,144.12
24/11/2015,Office Supplies,15.96
25/11/2018,Technology,39.96
25/11/2018,Office Supplies,34.08
28/09/2018,Office Supplies,10.368
13/10/2015,Office Supplies,7.752
3/6/2015,Office Supplies,15.28
17/06/2015,Technology,65.97
29/10/2016,Office Supplies,33.4
29/10/2016,Office Supplies,210.84
20/01/2015,Office Supplies,13.98
20/01/2015,Furniture,272.94
20/01/2015,Office Supplies,19.05
20/01/2015,Office Supplies,247.716
20/01/2015,Office Supplies,66.58
20/01/2015,Office Supplies,43.92
20/01/2015,Furniture,14.73
20/01/2015,Office Supplies,29.7
11/7/2015,Office Supplies,49.12
11/7/2015,Office Supplies,18.28
30/08/2017,Furniture,47.04
30/08/2017,Technology,339.96
5/10/2018,Technology,87.8
5/10/2018,Furniture,221.382
5/10/2018,Technology,5199.96
31/12/2017,Office Supplies,156.512
7/3/2016,Technology,119.85
7/3/2016,Office Supplies,30.44
7/3/2016,Office Supplies,69.28
7/3/2016,Technology,587.97
20/10/2018,Office Supplies,24.55
1/5/2016,Office Supplies,12.176
1/5/2016,Office Supplies,37.32
1/5/2016,Office Supplies,35.06
3/9/2018,Furniture,108.4
3/11/2018,Technology,361.376
13/09/2016,Office Supplies,2.412
6/9/2016,Office Supplies,8.39
6/9/2016,Technology,337.98
6/10/2015,Office Supplies,83.92
23/01/2018,Office Supplies,19.68
23/01/2018,Office Supplies,25.92
23/01/2018,Office Supplies,6.48
23/01/2018,Technology,86.352
10/12/2016,Office Supplies,56.3
25/11/2015,Office Supplies,51.016
21/11/2018,Office Supplies,150.8
21/11/2018,Technology,1039.992
21/11/2018,Office Supplies,51.84
4/4/2018,Technology,41.22
4/4/2018,Office Supplies,240.37
4/4/2018,Technology,119.02
19/05/2018,Office Supplies,133.12
3/10/2017,Furniture,38.08
21/11/2017,Furniture,113.568
3/10/2018,Furniture,83.92
3/10/2018,Office Supplies,6.63
3/10/2018,Technology,371.97
29/04/2015,Furniture,561.584
29/04/2015,Office Supplies,99.92
7/10/2017,Office Supplies,4.928
15/12/2017,Furniture,14.76
10/4/2018,Technology,99.99
10/4/2018,Office Supplies,286.15
8/4/2015,Office Supplies,49.792
29/03/2017,Furniture,299.975
29/03/2017,Technology,158.376
15/01/2018,Office Supplies,32.784
15/01/2018,Technology,47.984
15/01/2018,Technology,62.592
15/01/2018,Office Supplies,4.276
30/01/2015,Office Supplies,10.56
30/01/2015,Office Supplies,229.94
7/2/2016,Office Supplies,311.15
7/2/2016,Office Supplies,12.96
14/12/2017,Office Supplies,14.62
14/12/2017,Office Supplies,5.76
14/12/2017,Office Supplies,21.48
14/12/2017,Furniture,396.92
14/12/2017,Office Supplies,17.15
14/12/2017,Office Supplies,23.12
31/10/2018,Office Supplies,5.248
6/8/2018,Technology,824.95
6/8/2018,Office Supplies,24.64
6/8/2018,Office Supplies,227.88
30/05/2018,Furniture,241.96
30/05/2018,Office Supplies,3.89
30/05/2018,Furniture,8.01
30/11/2016,Technology,177.48
31/08/2018,Furniture,569.568
31/08/2018,Office Supplies,149.73
14/05/2018,Furniture,899.43
14/05/2018,Office Supplies,46.2
14/05/2018,Office Supplies,47.952
14/05/2018,Technology,7.992
14/05/2018,Office Supplies,76.864
17/08/2018,Office Supplies,102.93
17/08/2018,Technology,98.16
10/11/2018,Office Supplies,11.52
21/08/2018,Office Supplies,83.88
8/3/2017,Technology,108.576
8/3/2017,Office Supplies,5.984
31/10/2017,Office Supplies,21.96
31/10/2017,Furniture,368.97
31/10/2017,Office Supplies,12.39
31/10/2017,Office Supplies,332.94
26/07/2015,Technology,111.93
24/10/2016,Furniture,454.272
19/08/2018,Office Supplies,19.44
23/05/2017,Technology,8399.976
23/05/2017,Office Supplies,6.294
23/05/2017,Office Supplies,10.368
23/05/2017,Technology,122.382
3/11/2015,Office Supplies,25.984
3/11/2015,Furniture,945.036
3/11/2015,Office Supplies,14.301
3/11/2015,Furniture,410.352
30/03/2016,Office Supplies,23.52
30/03/2016,Technology,180.96
27/05/2018,Furniture,35
27/05/2018,Office Supplies,477.15
27/05/2018,Technology,302.376
14/12/2018,Furniture,974.988
4/10/2015,Furniture,589.41
13/10/2017,Office Supplies,34.7
13/10/2017,Office Supplies,99.87
13/10/2017,Office Supplies,37.94
13/10/2017,Office Supplies,24.9
13/10/2017,Furniture,82.26
5/3/2016,Office Supplies,7.104
4/3/2018,Furniture,103.5
4/3/2018,Office Supplies,2.464
4/3/2018,Office Supplies,8.72
25/09/2016,Office Supplies,10.76
25/09/2016,Office Supplies,45.68
25/09/2016,Office Supplies,6.7
19/12/2016,Technology,158.376
8/10/2016,Office Supplies,3.44
31/07/2018,Office Supplies,56.56
31/07/2018,Furniture,36.96
5/8/2015,Technology,135.99
5/8/2015,Office Supplies,15.96
14/05/2018,Office Supplies,3.76
14/05/2018,Office Supplies,14.7
14/05/2018,Office Supplies,37.2
14/05/2018,Technology,89.97
14/05/2018,Furniture,261.96
14/05/2018,Office Supplies,74
22/09/2017,Furniture,13.28
13/11/2016,Office Supplies,84.96
22/05/2018,Technology,68.46
2/12/2017,Office Supplies,2079.4
2/12/2017,Technology,629.95
2/12/2017,Furniture,72.42
29/08/2016,Technology,131.98
29/08/2016,Technology,114.52
6/6/2015,Office Supplies,100.24
18/03/2017,Office Supplies,871.8
14/01/2015,Furniture,61.96
3/6/2018,Office Supplies,4.554
3/6/2018,Office Supplies,5.2
3/6/2018,Technology,205.992
3/6/2018,Office Supplies,15.552
3/6/2018,Technology,503.96
3/6/2018,Office Supplies,24.472
3/6/2018,Furniture,241.568
3/6/2018,Technology,110.4
3/6/2018,Furniture,384.768
3/6/2018,Technology,78.66
3/6/2018,Office Supplies,45.36
21/03/2016,Office Supplies,962.08
21/03/2016,Office Supplies,12.843
21/03/2016,Office Supplies,295.456
19/09/2018,Office Supplies,32.4
15/09/2015,Furniture,103.936
20/11/2017,Furniture,289.568
20/11/2017,Office Supplies,39.72
20/11/2017,Technology,244.768
28/10/2018,Technology,24
28/10/2018,Office Supplies,15.552
28/10/2018,Technology,26.176
24/07/2016,Furniture,20.94
24/07/2016,Office Supplies,135.09
24/07/2016,Technology,279.86
24/07/2016,Office Supplies,90.06
2/11/2015,Technology,539.964
2/11/2015,Technology,50.232
2/11/2015,Office Supplies,19.242
17/11/2018,Office Supplies,1247.64
26/06/2017,Office Supplies,5.304
9/10/2017,Office Supplies,19.136
9/10/2017,Furniture,332.832
20/12/2018,Office Supplies,279.9
20/12/2018,Office Supplies,50.352
20/12/2018,Office Supplies,34.02
6/3/2018,Office Supplies,23.88
6/3/2018,Office Supplies,11.52
6/3/2018,Office Supplies,286.93
6/3/2018,Technology,206.384
15/09/2018,Furniture,218.352
15/09/2018,Furniture,529.9
15/09/2018,Office Supplies,99.3
15/09/2018,Office Supplies,108.96
15/09/2018,Office Supplies,2.688
16/01/2018,Office Supplies,5443.96
16/01/2018,Furniture,302.67
16/01/2018,Office Supplies,56.07
7/7/2017,Office Supplies,10.08
7/7/2017,Technology,59.994
7/7/2017,Office Supplies,5.715
7/7/2017,Office Supplies,9.42
23/12/2017,Technology,1999.96
22/12/2015,Office Supplies,216.4
23/02/2015,Office Supplies,6.936
23/02/2015,Office Supplies,4.428
4/12/2018,Office Supplies,8.8
4/12/2018,Technology,142.8
4/12/2018,Technology,399.95
17/11/2015,Office Supplies,2152.776
17/11/2015,Furniture,4007.84
20/10/2015,Furniture,328.59
20/10/2015,Office Supplies,98.352
25/10/2016,Technology,158.99
25/10/2016,Furniture,291.1
16/11/2018,Office Supplies,73.68
16/11/2018,Furniture,139.92
16/11/2018,Technology,107.88
16/11/2018,Office Supplies,33.29
14/05/2018,Office Supplies,58.17
14/05/2018,Office Supplies,5.04
14/05/2018,Office Supplies,24.784
1/3/2015,Furniture,634.116
1/3/2015,Office Supplies,17.472
30/07/2016,Furniture,155.88
1/11/2016,Furniture,327.564
16/12/2018,Office Supplies,13.36
16/12/2018,Office Supplies,158.9
20/10/2015,Technology,319.968
20/10/2015,Office Supplies,505.32
20/10/2015,Office Supplies,3.808
20/10/2015,Office Supplies,8.682
20/10/2015,Office Supplies,24.424
5/6/2016,Furniture,1522.638
21/07/2017,Office Supplies,419.9
21/07/2017,Office Supplies,3.15
31/03/2018,Office Supplies,33.62
7/5/2015,Office Supplies,16.14
7/5/2015,Furniture,194.25
7/5/2015,Office Supplies,8.64
7/5/2015,Furniture,872.32
5/2/2018,Office Supplies,243.992
5/2/2018,Office Supplies,7.12
18/04/2015,Office Supplies,2.688
18/04/2015,Furniture,317.058
18/04/2015,Office Supplies,149.352
18/04/2015,Technology,227.976
10/5/2017,Office Supplies,11.96
25/11/2017,Office Supplies,563.4
25/11/2017,Technology,319.92
3/3/2018,Technology,1049.44
3/3/2018,Furniture,170.352
6/12/2016,Technology,173.94
25/08/2015,Technology,1007.944
22/10/2017,Office Supplies,6.68
22/10/2017,Office Supplies,8.34
22/10/2017,Furniture,101.94
7/8/2017,Technology,179.97
21/07/2018,Office Supplies,101.94
21/07/2018,Technology,271.96
21/07/2018,Furniture,8.8
21/07/2018,Office Supplies,19.68
21/07/2018,Furniture,302.94
21/07/2018,Office Supplies,14.94
21/07/2018,Office Supplies,231.72
23/03/2015,Office Supplies,9.912
30/04/2016,Office Supplies,34.65
30/04/2016,Technology,19.8
13/06/2017,Office Supplies,33.568
4/5/2016,Office Supplies,125.93
23/04/2018,Office Supplies,11.76
23/04/2018,Office Supplies,5.344
6/6/2015,Office Supplies,1.365
6/6/2015,Office Supplies,62.016
2/12/2015,Furniture,60.72
2/12/2015,Office Supplies,146.82
2/12/2015,Furniture,239.84
2/12/2015,Office Supplies,15.66
17/06/2018,Office Supplies,146.352
26/05/2017,Office Supplies,5.94
26/05/2017,Office Supplies,45.36
26/05/2017,Technology,211.168
26/05/2017,Furniture,484.704
26/05/2017,Technology,371.976
10/3/2016,Office Supplies,89.82
20/10/2017,Office Supplies,19.296
21/04/2016,Furniture,191.96
21/04/2016,Office Supplies,21.3
21/04/2016,Technology,469.95
21/04/2016,Furniture,209.88
17/06/2017,Furniture,239.666
17/06/2017,Office Supplies,22.5
17/06/2017,Office Supplies,219.84
13/01/2018,Office Supplies,32.4
13/01/2018,Office Supplies,209.94
13/01/2018,Office Supplies,4164.05
13/01/2018,Furniture,212.94
6/9/2015,Furniture,41.88
6/9/2015,Office Supplies,58.48
19/01/2016,Furniture,102.438
19/01/2016,Furniture,199.304
14/12/2015,Technology,6999.96
23/05/2015,Office Supplies,12.96
19/09/2016,Technology,279.86
2/10/2016,Office Supplies,7.38
25/12/2017,Furniture,698.352
25/12/2017,Furniture,1747.25
6/5/2017,Office Supplies,54.48
24/10/2017,Technology,199.99
6/5/2018,Office Supplies,68.541
6/5/2018,Technology,627.168
6/5/2018,Office Supplies,122.12
27/11/2018,Office Supplies,6.99
27/11/2018,Office Supplies,107.424
31/10/2015,Furniture,1421.664
5/8/2018,Office Supplies,125.88
5/8/2018,Technology,79.78
5/8/2018,Office Supplies,133.2
10/8/2016,Technology,438.368
10/8/2016,Technology,139.944
10/8/2016,Office Supplies,133.472
15/12/2017,Furniture,564.195
15/12/2017,Office Supplies,87.168
8/9/2018,Office Supplies,42.616
8/9/2018,Technology,319.984
8/9/2018,Office Supplies,45.92
8/9/2018,Furniture,21.184
8/9/2018,Office Supplies,20.736
8/9/2018,Furniture,213.43
20/02/2018,Technology,333.576
20/02/2018,Technology,31.992
20/02/2018,Office Supplies,51.168
20/02/2018,Office Supplies,10.64
20/02/2018,Furniture,68.704
20/02/2018,Furniture,386.91
8/8/2016,Office Supplies,39.66
8/8/2016,Office Supplies,113.92
8/8/2016,Office Supplies,447.86
26/10/2018,Furniture,356.85
26/10/2018,Office Supplies,251.58
14/07/2017,Office Supplies,219.84
12/5/2018,Furniture,42.85
12/5/2018,Office Supplies,6.16
12/5/2018,Office Supplies,17
12/5/2018,Technology,87.4
25/05/2018,Office Supplies,29.84
23/08/2015,Office Supplies,49.568
11/9/2016,Office Supplies,265.86
5/9/2016,Furniture,67.96
21/11/2016,Office Supplies,10.92
21/11/2016,Technology,83.9
21/11/2016,Office Supplies,19.75
21/11/2016,Technology,393.54
10/10/2015,Furniture,46.872
2/9/2018,Office Supplies,10.9
2/9/2018,Office Supplies,79.92
2/9/2018,Office Supplies,146.82
1/1/2018,Office Supplies,3.6
5/11/2015,Furniture,20.04
17/12/2016,Office Supplies,180.016
17/12/2016,Furniture,41.552
17/12/2016,Office Supplies,13.12
14/05/2016,Office Supplies,1117.92
10/3/2018,Technology,111.96
2/12/2018,Office Supplies,12.16
31/07/2018,Office Supplies,17.52
31/07/2018,Office Supplies,155.88
11/8/2018,Office Supplies,477.51
30/09/2018,Office Supplies,164.88
26/08/2017,Technology,47.97
2/12/2017,Office Supplies,415.176
2/12/2017,Office Supplies,35.232
2/12/2017,Office Supplies,54.96
21/07/2018,Office Supplies,16.34
21/07/2018,Furniture,225.296
21/07/2018,Office Supplies,50.352
20/05/2016,Furniture,163.136
20/05/2016,Office Supplies,6.408
23/06/2016,Technology,217.584
23/06/2016,Office Supplies,5.43
23/06/2016,Technology,143.976
10/9/2017,Technology,519.68
13/04/2015,Office Supplies,7.83
14/11/2016,Furniture,883.84
14/11/2016,Furniture,230.352
9/12/2017,Office Supplies,273.92
18/08/2018,Office Supplies,9.912
14/12/2018,Furniture,266.352
14/12/2018,Furniture,56.328
14/12/2018,Technology,39.264
14/12/2018,Office Supplies,95.232
8/4/2017,Office Supplies,30
8/4/2017,Office Supplies,25.92
8/4/2017,Furniture,159.92
16/12/2017,Office Supplies,34.944
19/09/2018,Technology,149.95
19/09/2018,Office Supplies,23.32
19/09/2018,Office Supplies,16.74
4/9/2018,Office Supplies,14.82
12/9/2017,Office Supplies,10.47
12/9/2017,Office Supplies,11.07
12/9/2017,Office Supplies,20.704
10/8/2018,Office Supplies,177.2
4/11/2017,Furniture,50.496
18/06/2016,Office Supplies,6.129
18/06/2016,Furniture,643.136
18/06/2016,Office Supplies,20.736
4/7/2015,Office Supplies,177.536
4/7/2015,Office Supplies,32.432
20/12/2016,Office Supplies,11.696
10/4/2017,Office Supplies,113.76
10/4/2017,Office Supplies,579.51
10/4/2017,Office Supplies,150.66
10/4/2017,Office Supplies,48.032
26/05/2015,Office Supplies,102.624
26/05/2015,Furniture,359.772
26/05/2015,Office Supplies,13.392
6/7/2018,Furniture,122.136
16/02/2016,Office Supplies,35.88
16/06/2018,Technology,479.952
16/06/2018,Office Supplies,23.92
13/11/2018,Technology,629.95
11/12/2018,Office Supplies,14.952
11/12/2018,Office Supplies,17.94
11/12/2018,Technology,116.98
28/06/2017,Furniture,121.96
28/06/2017,Office Supplies,8.74
28/06/2017,Office Supplies,61.96
28/06/2017,Office Supplies,7.96
28/06/2017,Office Supplies,275.24
15/09/2018,Furniture,47.4
15/09/2018,Furniture,512.96
15/09/2018,Technology,395.94
15/09/2018,Office Supplies,81.96
2/12/2018,Office Supplies,32.776
26/06/2018,Office Supplies,272.94
24/07/2017,Furniture,253.764
2/9/2017,Office Supplies,29.24
2/9/2017,Office Supplies,35.168
2/9/2017,Technology,1362.9
20/04/2018,Furniture,317.058
20/04/2018,Office Supplies,15.76
20/04/2018,Furniture,14.56
12/8/2015,Office Supplies,196.21
19/09/2018,Office Supplies,35.4
9/12/2018,Office Supplies,419.4
9/12/2018,Office Supplies,13.005
4/11/2017,Office Supplies,7.712
4/11/2017,Office Supplies,4.176
4/11/2017,Office Supplies,38.88
29/03/2016,Office Supplies,17.64
5/9/2017,Office Supplies,93.456
28/01/2018,Technology,449.91
3/9/2017,Furniture,344.94
3/9/2017,Furniture,14.76
3/9/2017,Office Supplies,12.76
3/9/2017,Office Supplies,58.48
25/07/2018,Furniture,20.096
25/07/2018,Office Supplies,37.752
25/07/2018,Furniture,138.588
25/07/2018,Office Supplies,259.92
25/07/2018,Office Supplies,20.736
13/09/2016,Furniture,129.93
13/09/2016,Office Supplies,69.93
7/9/2016,Office Supplies,140.736
16/11/2017,Office Supplies,8.32
10/11/2017,Furniture,9.98
15/08/2015,Office Supplies,62.94
16/11/2016,Office Supplies,21.488
16/11/2016,Technology,239.976
16/11/2016,Furniture,34.504
25/08/2016,Furniture,20.104
25/08/2016,Office Supplies,3.798
25/08/2016,Furniture,7.88
25/12/2017,Furniture,35.445
25/12/2017,Technology,269.97
25/12/2017,Technology,45.12
25/12/2017,Technology,100.8
25/12/2017,Furniture,47.968
5/10/2015,Technology,99.98
22/11/2015,Office Supplies,9.96
25/12/2018,Office Supplies,3.856
31/03/2016,Office Supplies,98.376
31/03/2016,Furniture,22.38
14/09/2018,Office Supplies,3.882
14/09/2018,Technology,12.585
14/09/2018,Furniture,113.372
14/09/2018,Office Supplies,18.312
14/09/2018,Furniture,127.936
14/09/2018,Technology,241.17
17/06/2015,Furniture,6.24
17/06/2015,Office Supplies,17.9
17/06/2015,Office Supplies,3266.376
28/12/2018,Office Supplies,1.68
28/12/2018,Furniture,7.968
28/12/2018,Furniture,113.372
28/12/2018,Furniture,2.96
2/11/2018,Office Supplies,168.1
25/07/2016,Office Supplies,98.46
25/07/2016,Furniture,358.58
2/10/2017,Office Supplies,32.48
2/10/2017,Technology,17499.95
2/10/2017,Office Supplies,735.98
2/10/2017,Office Supplies,34.37
2/10/2017,Office Supplies,33.96
24/12/2017,Technology,197.97
21/07/2018,Office Supplies,17.48
10/10/2016,Office Supplies,8.016
8/9/2017,Furniture,146.04
20/11/2017,Technology,27.88
15/10/2018,Office Supplies,152.65
15/10/2018,Furniture,22.72
6/7/2016,Office Supplies,11.12
5/2/2018,Office Supplies,1640.7
5/2/2018,Technology,371.2
6/12/2016,Office Supplies,14.832
12/9/2017,Technology,20.7
12/9/2017,Office Supplies,11.34
12/9/2017,Office Supplies,67.9
12/9/2017,Furniture,1059.12
6/7/2015,Furniture,478.48
9/5/2017,Office Supplies,32.04
18/07/2017,Technology,55.992
18/06/2017,Office Supplies,76.864
20/04/2015,Furniture,59.92
8/1/2017,Furniture,1565.88
8/1/2017,Office Supplies,106.05
23/12/2018,Office Supplies,62.04
23/12/2018,Technology,494.97
23/12/2018,Office Supplies,367.96
23/12/2018,Office Supplies,44.96
23/12/2018,Office Supplies,182.94
17/04/2018,Office Supplies,28.14
17/04/2018,Office Supplies,7.38
17/04/2018,Office Supplies,10.9
17/04/2018,Technology,274.89
17/04/2018,Office Supplies,23.04
17/04/2018,Furniture,218.352
1/12/2018,Office Supplies,10.368
21/08/2017,Office Supplies,12.672
21/08/2017,Technology,91.96
21/08/2017,Technology,254.97
21/08/2017,Technology,31.984
21/08/2017,Furniture,2887.056
21/08/2017,Office Supplies,12.96
21/08/2017,Office Supplies,47.52
5/12/2017,Office Supplies,11.952
16/12/2016,Office Supplies,4.98
17/10/2015,Office Supplies,10.78
17/10/2015,Technology,119.976
5/9/2017,Office Supplies,25.06
5/9/2017,Furniture,1652.94
15/10/2016,Furniture,131.376
15/10/2016,Office Supplies,5.344
1/12/2016,Furniture,2003.92
1/12/2016,Office Supplies,32.4
1/12/2016,Furniture,1913.4
1/12/2016,Office Supplies,146.73
1/12/2016,Office Supplies,114.2
31/05/2016,Furniture,2567.84
10/9/2018,Technology,37.056
10/9/2018,Technology,259.896
25/04/2018,Office Supplies,19.05
25/04/2018,Office Supplies,73.344
18/09/2018,Technology,95.68
18/09/2018,Office Supplies,50.96
18/09/2018,Office Supplies,113.94
18/09/2018,Office Supplies,25.92
18/09/2018,Furniture,20.32
18/09/2018,Technology,411.98
18/09/2018,Office Supplies,34.48
18/09/2018,Office Supplies,244.55
18/08/2018,Office Supplies,10.782
24/05/2016,Furniture,602.651
24/05/2016,Office Supplies,7.656
7/9/2016,Technology,559.93
24/07/2018,Technology,2399.96
2/9/2018,Office Supplies,16
2/9/2018,Office Supplies,5.588
2/9/2018,Office Supplies,235.92
6/12/2018,Office Supplies,10.68
20/05/2018,Office Supplies,41.28
27/09/2017,Technology,1001.584
10/12/2018,Furniture,14.76
13/09/2015,Office Supplies,2.502
29/07/2018,Furniture,115.96
1/8/2018,Office Supplies,186.54
2/5/2018,Technology,159.56
12/6/2016,Technology,55.984
22/12/2015,Office Supplies,132.16
22/12/2015,Office Supplies,17.904
22/12/2015,Office Supplies,124.032
16/12/2015,Furniture,1403.92
16/04/2017,Office Supplies,28.8
21/05/2016,Office Supplies,24.588
26/02/2018,Office Supplies,356.79
4/4/2018,Office Supplies,16.98
16/03/2016,Office Supplies,491.55
16/03/2016,Office Supplies,7.38
30/11/2016,Office Supplies,23.66
30/11/2016,Furniture,681.408
28/07/2017,Office Supplies,18.9
23/06/2017,Office Supplies,93.68
23/06/2017,Office Supplies,21.93
23/06/2017,Technology,862.344
23/06/2017,Office Supplies,19.98
14/07/2015,Technology,13.494
14/07/2015,Technology,23.988
14/07/2015,Furniture,31.984
14/07/2015,Office Supplies,41.584
30/11/2018,Technology,95.976
2/9/2017,Furniture,84.272
15/06/2015,Office Supplies,36.544
5/11/2017,Technology,479.72
26/06/2018,Office Supplies,102.368
26/06/2018,Office Supplies,28.4
26/06/2018,Office Supplies,713.88
26/06/2018,Office Supplies,68.52
25/07/2016,Technology,623.96
23/09/2015,Office Supplies,11.12
30/09/2017,Furniture,523.92
9/11/2016,Office Supplies,2.48
25/04/2016,Office Supplies,221.024
25/04/2016,Furniture,128.058
19/11/2018,Office Supplies,58.408
19/11/2018,Furniture,79.974
20/11/2016,Technology,479.988
2/10/2016,Office Supplies,11.808
2/10/2016,Office Supplies,53.568
2/10/2016,Technology,503.96
25/04/2016,Office Supplies,21.34
14/07/2017,Office Supplies,36.4
14/07/2017,Furniture,51.75
27/09/2016,Office Supplies,15.51
27/09/2016,Office Supplies,146.82
27/09/2016,Office Supplies,12.96
10/11/2018,Office Supplies,7.8
16/07/2017,Office Supplies,10.2
16/07/2017,Office Supplies,22.32
16/07/2017,Office Supplies,24.1
16/07/2017,Technology,75.98
16/07/2017,Office Supplies,6.46
16/07/2017,Office Supplies,60.12
16/10/2016,Technology,824.97
10/1/2017,Furniture,24.85
19/09/2018,Office Supplies,12.624
19/09/2018,Technology,89.584
19/09/2018,Technology,471.92
19/09/2018,Office Supplies,18.18
15/09/2018,Office Supplies,31.744
28/06/2016,Office Supplies,5.904
28/06/2016,Furniture,621.76
25/11/2017,Technology,59.98
25/11/2018,Office Supplies,48.87
14/01/2018,Office Supplies,154.9
7/11/2015,Office Supplies,5.92
7/11/2015,Office Supplies,30.18
1/9/2017,Office Supplies,24.1
1/9/2017,Technology,8.78
1/9/2017,Office Supplies,376.74
1/9/2017,Office Supplies,29.52
1/9/2017,Office Supplies,11.96
1/9/2017,Office Supplies,26.4
11/11/2018,Office Supplies,1158.12
11/12/2018,Office Supplies,1.392
8/11/2016,Office Supplies,44.43
8/11/2016,Technology,226.2
8/11/2016,Furniture,186.54
8/11/2016,Office Supplies,265.86
8/11/2016,Office Supplies,27.9
19/11/2016,Office Supplies,31.08
23/12/2018,Office Supplies,13.84
23/12/2018,Office Supplies,175.872
16/09/2017,Office Supplies,12.96
26/05/2018,Office Supplies,208.44
26/05/2018,Office Supplies,25.76
30/03/2016,Furniture,366.744
19/08/2015,Furniture,289.24
19/08/2015,Office Supplies,69.456
23/12/2015,Office Supplies,5.184
1/11/2016,Furniture,205.164
15/12/2015,Furniture,8.544
21/08/2016,Office Supplies,12.828
21/08/2016,Furniture,598.458
21/08/2016,Furniture,25.984
23/05/2015,Office Supplies,17.96
23/05/2015,Office Supplies,5.04
23/05/2015,Office Supplies,208.16
9/12/2018,Furniture,148.257
11/3/2015,Office Supplies,146.76
11/3/2015,Technology,32.96
11/3/2015,Technology,587.97
11/3/2015,Office Supplies,14.94
23/06/2017,Office Supplies,25.83
23/08/2015,Office Supplies,15.552
23/08/2015,Office Supplies,6.8
23/08/2015,Furniture,4.224
23/08/2015,Technology,143.64
23/08/2015,Office Supplies,31.104
23/08/2015,Office Supplies,223.056
6/2/2018,Technology,227.46
6/2/2018,Office Supplies,46.24
29/01/2018,Office Supplies,5.22
20/12/2017,Office Supplies,33.9
11/11/2017,Office Supplies,28.14
11/11/2017,Technology,36
11/11/2017,Office Supplies,92.94
11/11/2017,Furniture,245.646
11/11/2017,Office Supplies,55.008
11/11/2017,Office Supplies,35.232
9/11/2018,Furniture,523.392
2/5/2015,Technology,479.984
22/09/2018,Office Supplies,12.96
22/09/2018,Office Supplies,17.94
17/12/2018,Office Supplies,166.72
17/12/2018,Office Supplies,24.816
17/12/2018,Furniture,124.36
18/07/2018,Technology,599.97
18/07/2018,Furniture,198.744
18/07/2018,Office Supplies,9.184
3/11/2017,Office Supplies,9.248
8/4/2015,Furniture,99.592
8/4/2015,Technology,399.96
14/08/2017,Office Supplies,15.552
25/09/2015,Office Supplies,14.576
11/12/2017,Office Supplies,209.6
11/12/2017,Office Supplies,23.32
11/12/2017,Office Supplies,30.98
11/12/2017,Technology,119.96
11/12/2017,Furniture,363.92
11/12/2017,Office Supplies,35.808
11/12/2017,Office Supplies,122.688
11/12/2017,Furniture,892.136
11/12/2017,Office Supplies,50.22
11/12/2017,Office Supplies,83.42
11/12/2017,Office Supplies,5.872
3/2/2016,Office Supplies,12.144
29/12/2017,Office Supplies,27.792
31/08/2018,Office Supplies,6.208
4/2/2018,Office Supplies,32.67
6/12/2015,Office Supplies,1261.33
30/05/2017,Office Supplies,38.88
21/05/2017,Office Supplies,1.964
21/05/2017,Office Supplies,82.656
9/8/2015,Office Supplies,5.98
5/9/2017,Office Supplies,9.248
23/07/2017,Office Supplies,4.448
23/07/2017,Office Supplies,5.184
23/07/2017,Office Supplies,175.92
23/07/2017,Office Supplies,4.752
23/07/2017,Office Supplies,13.344
12/5/2017,Office Supplies,54.9
2/9/2017,Office Supplies,22.911
2/9/2017,Office Supplies,309.456
2/9/2017,Office Supplies,19.456
2/9/2017,Furniture,472.518
2/9/2017,Technology,1012.68
2/9/2017,Office Supplies,17.22
21/07/2018,Office Supplies,3.52
21/07/2018,Technology,1626.192
25/09/2018,Office Supplies,8.595
25/09/2018,Office Supplies,190.896
3/8/2018,Office Supplies,99.87
25/10/2016,Office Supplies,79.36
15/06/2018,Technology,119.96
9/1/2016,Office Supplies,106.32
9/1/2016,Office Supplies,163.44
9/1/2016,Office Supplies,42.76
9/1/2016,Office Supplies,51.55
9/2/2016,Technology,479.952
19/08/2017,Office Supplies,146.688
19/08/2017,Office Supplies,276.784
19/08/2017,Office Supplies,25.32
6/11/2018,Office Supplies,318.96
26/12/2016,Office Supplies,212.64
23/11/2015,Office Supplies,23.472
1/8/2017,Office Supplies,19.648
21/09/2015,Office Supplies,6.57
4/9/2018,Office Supplies,421.1
19/06/2018,Furniture,760.116
19/06/2018,Furniture,38.784
19/06/2018,Technology,122.328
19/04/2017,Technology,25.98
19/04/2017,Office Supplies,3.28
19/04/2017,Office Supplies,459.88
19/04/2017,Office Supplies,7.76
19/04/2017,Office Supplies,71.96
19/04/2017,Office Supplies,54.9
19/04/2017,Office Supplies,9.28
5/5/2017,Furniture,1685.88
5/5/2017,Office Supplies,5.728
18/10/2015,Office Supplies,61.96
18/10/2015,Office Supplies,1.344
13/02/2018,Office Supplies,17.94
17/11/2018,Office Supplies,13.904
20/01/2015,Office Supplies,67.194
1/12/2018,Office Supplies,41.86
1/12/2018,Furniture,141.96
9/8/2016,Furniture,10.02
9/8/2016,Office Supplies,144.12
27/09/2017,Office Supplies,17.94
27/09/2017,Office Supplies,13.89
14/11/2017,Office Supplies,16.45
14/11/2017,Furniture,19.92
16/04/2017,Technology,35.168
16/04/2017,Office Supplies,123.088
26/11/2018,Furniture,257.94
26/11/2018,Technology,1879.96
26/11/2018,Furniture,27.46
26/11/2018,Technology,89.98
26/11/2018,Furniture,828.6
20/11/2016,Office Supplies,7.23
20/11/2016,Office Supplies,17.44
20/11/2016,Office Supplies,62.88
20/11/2016,Furniture,290.352
7/9/2018,Technology,113.52
7/9/2018,Furniture,135.3
24/11/2015,Furniture,111.15
11/3/2018,Technology,776.85
11/3/2018,Office Supplies,12.294
11/3/2018,Furniture,154.764
11/3/2018,Office Supplies,43.28
12/6/2017,Office Supplies,92.94
12/6/2017,Office Supplies,52.56
26/06/2016,Technology,971.88
22/12/2018,Furniture,141.96
22/12/2018,Furniture,182.55
9/10/2015,Office Supplies,88.768
10/12/2016,Office Supplies,53.088
25/12/2016,Furniture,275.88
25/12/2016,Office Supplies,157.9
29/04/2018,Office Supplies,4.91
28/03/2017,Office Supplies,87.92
28/03/2017,Office Supplies,5.98
13/05/2016,Technology,222.384
13/05/2016,Office Supplies,16
4/7/2015,Office Supplies,21.84
4/7/2015,Office Supplies,15.6
22/04/2015,Office Supplies,247.84
22/04/2015,Office Supplies,9.912
19/09/2017,Office Supplies,69.52
22/07/2015,Office Supplies,11.52
22/07/2015,Furniture,717.72
22/07/2015,Office Supplies,236.5
22/07/2015,Furniture,170.352
8/10/2018,Furniture,145.764
25/04/2018,Technology,107.97
26/03/2018,Technology,143.96
26/03/2018,Technology,2399.96
26/03/2018,Office Supplies,74.352
26/03/2018,Office Supplies,87.168
26/03/2018,Office Supplies,32.232
4/5/2018,Office Supplies,2.202
4/5/2018,Office Supplies,9.396
14/11/2017,Technology,89.97
6/1/2015,Office Supplies,12.78
27/12/2017,Technology,40
30/04/2018,Office Supplies,23.24
21/04/2018,Furniture,908.82
17/08/2018,Office Supplies,5.552
17/08/2018,Office Supplies,8.016
17/08/2018,Furniture,74.592
17/08/2018,Furniture,16.784
17/08/2018,Office Supplies,38.864
12/11/2017,Technology,203.976
12/11/2017,Furniture,674.352
1/10/2017,Office Supplies,5.388
1/10/2017,Office Supplies,30.976
12/2/2017,Office Supplies,1350.12
12/2/2017,Office Supplies,15.92
13/11/2017,Furniture,19.54
26/04/2015,Office Supplies,21.4
26/04/2015,Office Supplies,12.6
11/8/2016,Office Supplies,11.96
11/8/2016,Technology,138
27/11/2017,Technology,116.76
27/11/2017,Furniture,331.023
28/10/2017,Furniture,756.8
29/12/2015,Furniture,8.736
10/9/2016,Office Supplies,6.08
2/10/2018,Furniture,17.46
2/10/2018,Technology,369.16
11/9/2017,Office Supplies,2.912
11/9/2017,Office Supplies,20.736
11/9/2017,Office Supplies,9.568
2/6/2017,Office Supplies,30.18
2/6/2017,Office Supplies,51.648
2/6/2017,Office Supplies,11.232
15/10/2018,Office Supplies,14.73
27/09/2016,Office Supplies,16.4
27/09/2016,Office Supplies,25.92
3/5/2016,Office Supplies,8.82
3/5/2016,Office Supplies,62.496
3/5/2016,Technology,339.96
3/5/2016,Office Supplies,49.568
9/1/2018,Office Supplies,274.491
27/01/2018,Technology,137.94
2/9/2018,Technology,40.68
14/07/2017,Technology,110.376
14/07/2017,Office Supplies,151.62
14/07/2017,Furniture,30.8
24/02/2018,Office Supplies,123.92
24/02/2018,Technology,1319.8
20/07/2015,Office Supplies,89.712
20/07/2015,Office Supplies,22.83
13/03/2018,Office Supplies,30.88
13/03/2018,Office Supplies,465.16
13/03/2018,Office Supplies,27.12
8/3/2017,Furniture,113.6
8/3/2017,Office Supplies,12.96
8/3/2017,Office Supplies,69.456
7/12/2015,Office Supplies,8.64
10/7/2017,Technology,341.991
24/12/2017,Furniture,43.96
24/12/2017,Office Supplies,39.76
23/04/2018,Furniture,66.36
23/04/2018,Office Supplies,92.88
23/04/2018,Furniture,24.14
17/08/2018,Furniture,4416.174
22/05/2018,Office Supplies,49.56
9/2/2018,Office Supplies,354.9
3/3/2015,Office Supplies,15.12
3/3/2015,Furniture,302.45
3/3/2015,Office Supplies,44.672
4/6/2016,Technology,119.98
4/6/2016,Technology,989.97
27/08/2017,Office Supplies,9.216
12/9/2017,Office Supplies,68.52
30/05/2017,Office Supplies,364.74
30/05/2017,Furniture,47.4
30/05/2017,Office Supplies,49.76
30/05/2017,Office Supplies,5.56
30/05/2017,Office Supplies,629.1
30/05/2017,Office Supplies,14.7
30/05/2017,Office Supplies,45.36
30/05/2017,Technology,125.99
10/6/2018,Office Supplies,14.7
22/10/2018,Technology,32.7
22/10/2018,Office Supplies,31.68
13/06/2018,Office Supplies,181.86
23/11/2015,Furniture,155.372
16/08/2018,Office Supplies,13.428
16/08/2018,Office Supplies,67.136
14/01/2017,Office Supplies,89.568
14/01/2017,Furniture,315.776
16/09/2017,Furniture,273.666
16/09/2017,Office Supplies,17.48
10/10/2017,Office Supplies,20.608
10/10/2017,Office Supplies,4.095
13/11/2016,Technology,339.96
13/11/2016,Furniture,63.98
2/11/2015,Technology,799.92
19/07/2017,Technology,35.984
19/07/2017,Technology,389.97
14/05/2017,Technology,185.528
21/02/2016,Office Supplies,2541.98
16/10/2018,Technology,599.985
22/06/2018,Office Supplies,3.036
9/9/2018,Office Supplies,25.92
9/9/2018,Furniture,66.112
14/10/2018,Technology,46.36
20/06/2017,Technology,6.9
20/06/2017,Furniture,57.69
2/9/2015,Technology,559.71
30/01/2017,Office Supplies,305.01
30/01/2017,Office Supplies,50.784
30/01/2017,Office Supplies,26.01
4/12/2018,Technology,649
23/01/2017,Furniture,59.99
26/05/2016,Furniture,20.24
4/5/2015,Office Supplies,37.84
4/5/2015,Office Supplies,5.472
10/2/2016,Office Supplies,77.24
18/11/2015,Furniture,292.1
18/11/2015,Furniture,8.544
18/11/2015,Furniture,424.116
18/11/2015,Office Supplies,2.892
18/11/2015,Office Supplies,381.72
4/9/2018,Furniture,97.184
4/9/2018,Office Supplies,10.368
29/03/2015,Furniture,890.841
5/11/2017,Technology,72
5/11/2017,Furniture,113.888
5/11/2017,Office Supplies,158.13
10/6/2018,Office Supplies,14.13
10/8/2016,Office Supplies,64.75
9/10/2016,Office Supplies,1.872
9/10/2016,Office Supplies,11.214
9/10/2016,Office Supplies,37.376
28/05/2017,Technology,286.4
11/5/2018,Office Supplies,43.92
16/10/2017,Furniture,142.182
17/11/2018,Office Supplies,19.608
17/11/2018,Office Supplies,4.158
26/11/2018,Technology,979.95
26/11/2018,Furniture,135.3
3/9/2018,Office Supplies,8.904
3/9/2018,Technology,100.8
5/12/2018,Furniture,41.96
5/12/2018,Office Supplies,9.45
10/11/2018,Office Supplies,400.8
10/11/2018,Office Supplies,28.792
18/03/2015,Furniture,111
18/03/2015,Technology,1279.968
18/03/2015,Office Supplies,1856.19
12/11/2017,Furniture,22.752
26/10/2018,Technology,61.542
26/10/2018,Office Supplies,81.438
11/4/2016,Furniture,67.36
11/4/2016,Furniture,54.528
25/12/2016,Technology,843.9
25/12/2016,Furniture,449.568
21/09/2018,Office Supplies,15.51
20/12/2015,Furniture,192.186
18/07/2016,Office Supplies,5.76
26/07/2015,Furniture,67.88
26/07/2015,Office Supplies,162.89
26/07/2015,Furniture,25.71
26/12/2015,Office Supplies,191.88
11/12/2018,Furniture,721.875
11/12/2018,Technology,73.568
11/12/2018,Office Supplies,13.584
11/12/2018,Furniture,64.784
3/3/2015,Office Supplies,176.772
21/10/2018,Office Supplies,38.82
21/10/2018,Office Supplies,21.9
10/11/2018,Technology,111.79
16/03/2018,Technology,445.44
22/09/2017,Office Supplies,16.52
6/2/2018,Office Supplies,29.9
31/12/2016,Office Supplies,116.4
9/10/2017,Office Supplies,1.408
9/10/2017,Furniture,169.568
30/12/2015,Technology,251.964
30/12/2015,Furniture,523.764
12/4/2017,Office Supplies,19.44
12/4/2017,Furniture,194.352
12/4/2017,Office Supplies,36.624
28/11/2017,Technology,340.182
28/11/2017,Office Supplies,12.672
28/11/2017,Office Supplies,6.888
28/11/2017,Office Supplies,32.544
28/11/2017,Furniture,347.802
15/04/2018,Office Supplies,15.57
9/3/2016,Office Supplies,4.608
28/10/2015,Technology,257.98
7/1/2018,Office Supplies,153.78
7/1/2018,Office Supplies,61.02
7/1/2018,Office Supplies,110.11
7/1/2018,Office Supplies,7.89
13/08/2018,Office Supplies,36.024
2/11/2018,Office Supplies,54.336
19/09/2015,Office Supplies,92.52
31/05/2016,Office Supplies,10.272
13/09/2017,Office Supplies,40.74
13/09/2017,Office Supplies,14.4
13/09/2017,Technology,149.95
13/09/2017,Office Supplies,16.9
13/09/2017,Office Supplies,17.61
13/09/2017,Office Supplies,378
13/09/2017,Office Supplies,17.64
13/09/2017,Office Supplies,373.08
13/09/2017,Furniture,1336.44
13/09/2017,Technology,29.97
29/11/2018,Furniture,390.368
29/11/2018,Furniture,101.52
4/12/2018,Office Supplies,74.352
2/5/2018,Office Supplies,15.7
2/5/2018,Office Supplies,59.52
2/5/2018,Office Supplies,34.4
25/12/2017,Furniture,313.176
25/12/2017,Furniture,866.646
30/09/2015,Office Supplies,795.408
12/7/2015,Office Supplies,35.856
12/7/2015,Technology,23.84
8/9/2017,Furniture,43.13
8/9/2017,Office Supplies,30.87
6/8/2018,Office Supplies,70.12
14/05/2016,Furniture,509.9575
14/05/2016,Furniture,122.91
14/05/2016,Furniture,97.568
14/05/2016,Furniture,722.352
20/01/2018,Office Supplies,11.52
30/05/2017,Furniture,167.84
8/4/2015,Furniture,172.11
23/07/2015,Technology,99.98
30/05/2018,Technology,156.792
30/05/2018,Technology,35.36
30/05/2018,Furniture,13.592
13/03/2017,Furniture,386.68
13/03/2017,Technology,379.96
13/03/2017,Technology,539.91
13/03/2017,Office Supplies,41.24
13/03/2017,Office Supplies,51.897
13/03/2017,Office Supplies,552.56
13/03/2017,Office Supplies,23.16
13/03/2017,Office Supplies,126.08
13/03/2017,Technology,449.1
10/4/2018,Office Supplies,195.104
10/4/2018,Furniture,36.672
25/06/2017,Furniture,85.246
25/06/2017,Furniture,32.712
17/03/2015,Office Supplies,11.43
17/03/2015,Office Supplies,30.44
17/03/2015,Office Supplies,12.96
17/03/2015,Office Supplies,16
17/03/2015,Office Supplies,32.67
9/8/2015,Office Supplies,4.464
9/8/2015,Office Supplies,9.345
26/07/2016,Office Supplies,9.144
26/07/2016,Office Supplies,23.136
26/07/2016,Office Supplies,99.2
15/02/2015,Office Supplies,21.36
24/03/2016,Furniture,46.9
2/9/2018,Office Supplies,18.72
2/9/2018,Furniture,236.528
16/11/2016,Office Supplies,18.9
9/12/2015,Office Supplies,10.688
9/12/2015,Office Supplies,237.096
3/2/2018,Office Supplies,5.184
3/2/2018,Office Supplies,65.584
3/2/2018,Furniture,22.2
3/2/2018,Office Supplies,419.4
11/11/2018,Furniture,88.92
17/09/2018,Office Supplies,9.912
17/09/2018,Furniture,318.43
17/09/2018,Office Supplies,5.8
17/09/2018,Technology,1415.76
25/06/2018,Technology,148.48
30/07/2017,Office Supplies,9.248
30/07/2017,Office Supplies,1036.624
16/04/2016,Technology,569.64
16/04/2016,Office Supplies,9.14
16/04/2016,Furniture,1196.86
16/04/2016,Furniture,523.26
11/4/2016,Technology,639.968
11/4/2016,Office Supplies,52.76
27/02/2016,Technology,538.92
8/9/2017,Office Supplies,14.88
8/9/2017,Office Supplies,34.24
8/9/2017,Office Supplies,261.74
19/05/2017,Office Supplies,87.84
11/11/2018,Furniture,34.92
15/09/2015,Office Supplies,14.94
15/09/2015,Furniture,14.56
15/09/2016,Office Supplies,3.576
15/09/2016,Office Supplies,147.184
1/7/2017,Technology,1499.95
10/4/2017,Office Supplies,13.568
6/1/2015,Furniture,2573.82
6/1/2015,Office Supplies,609.98
6/1/2015,Office Supplies,5.48
6/1/2015,Technology,391.98
6/1/2015,Technology,755.96
6/1/2015,Office Supplies,31.12
6/1/2015,Office Supplies,6.54
1/9/2017,Office Supplies,12.78
23/09/2015,Office Supplies,18.464
15/12/2015,Furniture,445.802
28/12/2018,Office Supplies,2.48
28/12/2018,Office Supplies,25.9
19/12/2016,Office Supplies,29.9
19/12/2016,Technology,2249.91
19/12/2016,Furniture,1053.164
5/11/2018,Office Supplies,12.96
10/9/2016,Furniture,106.68
16/11/2018,Technology,119.94
11/9/2018,Office Supplies,10.272
11/9/2018,Furniture,512.19
11/9/2018,Office Supplies,1.556
14/07/2018,Office Supplies,4.448
14/07/2018,Furniture,276.69
14/07/2018,Office Supplies,4.96
14/07/2018,Office Supplies,71.92
14/07/2018,Furniture,18.84
14/07/2018,Technology,140.97
14/07/2018,Technology,470.376
30/03/2018,Office Supplies,6.08
30/03/2018,Technology,164.792
31/01/2017,Office Supplies,23.36
8/6/2018,Office Supplies,12.176
2/11/2015,Technology,46.384
2/11/2015,Office Supplies,362.92
14/07/2018,Office Supplies,9.248
14/07/2018,Technology,1889.946
14/07/2018,Office Supplies,62.04
14/07/2018,Furniture,396.92
14/07/2018,Office Supplies,239.456
14/07/2018,Office Supplies,13.12
9/12/2018,Office Supplies,29.36
9/12/2018,Office Supplies,214.9
9/12/2018,Office Supplies,15.92
9/12/2018,Technology,146.45
9/12/2018,Office Supplies,15.14
9/12/2018,Office Supplies,5.76
9/12/2018,Technology,1399.98
5/9/2017,Office Supplies,8.952
5/9/2017,Office Supplies,8.856
5/9/2017,Furniture,85.246
10/9/2015,Office Supplies,21.728
10/9/2015,Furniture,1487.04
26/09/2018,Office Supplies,71.88
26/09/2018,Furniture,9.24
26/09/2018,Office Supplies,35.88
26/09/2018,Office Supplies,17.04
26/09/2018,Office Supplies,931.176
17/06/2017,Furniture,266.352
17/06/2017,Furniture,483.136
25/02/2018,Furniture,196.784
25/02/2018,Furniture,231.92
31/03/2018,Office Supplies,29.7
3/12/2018,Furniture,13.592
19/02/2017,Office Supplies,70.88
2/12/2018,Office Supplies,114.288
2/12/2018,Office Supplies,36.624
2/12/2018,Furniture,242.352
2/12/2018,Technology,49.616
2/12/2018,Furniture,508.704
2/12/2018,Technology,57.36
2/12/2018,Furniture,906.68
10/10/2015,Technology,719.952
10/10/2015,Technology,755.944
10/10/2015,Office Supplies,11.98
10/10/2015,Office Supplies,0.898
5/9/2017,Furniture,21.204
20/11/2015,Office Supplies,34.74
20/11/2015,Technology,833.94
20/11/2015,Office Supplies,12.96
20/11/2015,Office Supplies,25.92
10/5/2015,Furniture,349.965
10/5/2015,Office Supplies,22.32
27/11/2018,Office Supplies,158.28
27/11/2018,Office Supplies,497.94
1/11/2015,Office Supplies,533.94
1/11/2015,Office Supplies,167.94
1/11/2015,Furniture,31.68
30/12/2017,Furniture,170.786
3/9/2017,Furniture,198.744
5/10/2018,Technology,63.824
30/01/2017,Furniture,435.168
30/01/2017,Furniture,48.58
21/04/2018,Technology,47.976
21/04/2018,Office Supplies,20.736
5/12/2015,Office Supplies,26.46
5/12/2015,Office Supplies,49.12
5/12/2015,Office Supplies,15
21/10/2015,Office Supplies,194.7
21/10/2015,Furniture,591.32
21/10/2015,Office Supplies,2.84
8/12/2016,Office Supplies,221.96
8/12/2016,Technology,236
2/11/2015,Technology,41.94
2/11/2015,Technology,52.792
18/12/2017,Furniture,563.94
23/11/2016,Office Supplies,2625.12
23/11/2016,Office Supplies,17.94
13/08/2016,Office Supplies,422.856
16/04/2016,Furniture,127.764
21/03/2015,Technology,3499.93
21/03/2015,Office Supplies,14.4
21/03/2015,Office Supplies,122.97
21/03/2015,Office Supplies,9.32
21/03/2015,Office Supplies,122.94
16/11/2018,Furniture,17.31
25/09/2016,Office Supplies,128.744
5/9/2017,Furniture,58.248
5/9/2017,Furniture,71.246
5/9/2017,Office Supplies,7.872
5/9/2017,Furniture,887.271
20/04/2018,Office Supplies,146.86
20/04/2018,Office Supplies,36.56
15/06/2016,Technology,225.576
17/09/2015,Office Supplies,5.248
17/09/2015,Office Supplies,38.256
17/09/2015,Office Supplies,40.24
17/09/2015,Technology,29.925
17/09/2015,Office Supplies,148.704
17/09/2015,Technology,55.92
8/7/2017,Office Supplies,12.96
27/05/2017,Furniture,25.176
27/05/2017,Furniture,5.584
27/05/2017,Office Supplies,1297.368
24/12/2018,Office Supplies,264.32
3/5/2018,Office Supplies,25.92
3/5/2018,Office Supplies,22.96
22/02/2015,Office Supplies,19.44
8/2/2016,Office Supplies,9.54
8/2/2016,Office Supplies,5.81
8/2/2016,Office Supplies,5.76
24/08/2016,Furniture,14.91
30/11/2015,Office Supplies,6.642
10/12/2017,Office Supplies,18.54
10/12/2017,Office Supplies,679.96
27/10/2018,Furniture,189.576
27/10/2018,Technology,71.96
25/11/2015,Technology,539.92
25/11/2015,Furniture,725.344
25/11/2015,Office Supplies,7.44
14/07/2015,Office Supplies,39.48
23/05/2016,Office Supplies,850.5
23/05/2016,Furniture,75.33
21/11/2016,Office Supplies,325.632
21/11/2016,Technology,23.344
21/11/2016,Office Supplies,16.52
30/03/2015,Office Supplies,335.72
30/03/2015,Technology,251.944
30/03/2015,Furniture,127.302
29/12/2018,Furniture,1207.84
29/12/2018,Office Supplies,12.53
29/12/2018,Office Supplies,34.58
29/12/2018,Furniture,300.98
29/12/2018,Furniture,258.75
2/3/2018,Office Supplies,59.52
2/3/2018,Office Supplies,57.96
2/3/2018,Furniture,441.96
2/3/2018,Office Supplies,68.04
6/10/2017,Technology,703.71
6/10/2017,Office Supplies,17.904
6/10/2017,Office Supplies,11.976
6/10/2017,Technology,67.96
5/4/2016,Furniture,892.224
9/9/2015,Technology,1299.99
15/03/2017,Office Supplies,4.544
15/03/2017,Furniture,1352.032
27/12/2016,Furniture,1548.99
27/12/2016,Office Supplies,19.872
7/8/2018,Technology,119.448
7/8/2018,Office Supplies,118.16
22/03/2016,Office Supplies,19.56
30/11/2016,Furniture,80.96
30/11/2016,Office Supplies,25.92
15/04/2015,Office Supplies,106.96
15/04/2015,Furniture,187.76
30/07/2018,Office Supplies,76.776
1/6/2018,Office Supplies,53.9
7/1/2015,Furniture,76.728
7/1/2015,Office Supplies,10.43
29/09/2018,Office Supplies,99.2
13/09/2018,Office Supplies,15.92
22/10/2015,Furniture,129.92
4/10/2017,Office Supplies,30.4
4/10/2017,Technology,5399.91
4/10/2017,Office Supplies,119.1
27/11/2016,Office Supplies,40.08
27/11/2016,Office Supplies,59.94
27/11/2016,Technology,259.98
27/11/2016,Furniture,170.98
27/11/2016,Furniture,38.97
27/11/2016,Office Supplies,154.9
27/11/2016,Furniture,446.068
6/5/2018,Office Supplies,152.94
8/10/2015,Technology,23.472
31/12/2015,Office Supplies,195.64
31/12/2015,Office Supplies,14.94
31/12/2015,Technology,1687.8
31/12/2015,Furniture,341.96
31/12/2015,Furniture,605.88
28/04/2016,Office Supplies,186.732
28/04/2016,Office Supplies,3812.97
14/02/2016,Office Supplies,26.424
14/02/2016,Technology,625.99
25/11/2017,Furniture,1568.61
25/11/2017,Office Supplies,17.3
25/11/2017,Technology,160
15/07/2018,Office Supplies,179.94
15/07/2018,Furniture,872.94
15/07/2018,Office Supplies,12.96
29/12/2015,Office Supplies,88.8
29/12/2015,Technology,319.968
22/03/2017,Furniture,167.888
2/7/2018,Office Supplies,163.96
2/7/2018,Office Supplies,5.232
14/12/2018,Technology,1199.98
14/12/2018,Office Supplies,73.85
14/12/2018,Office Supplies,25.71
14/12/2018,Office Supplies,17.28
14/12/2018,Furniture,526.582
26/08/2017,Office Supplies,11.56
26/08/2017,Technology,209.97
26/08/2017,Furniture,447.84
26/08/2017,Technology,479.97
26/08/2017,Office Supplies,8.64
15/10/2018,Office Supplies,11.68
25/10/2015,Technology,40.776
25/10/2015,Office Supplies,13.698
2/4/2016,Technology,87.8
28/10/2018,Furniture,77.952
28/10/2018,Office Supplies,147.184
28/10/2018,Office Supplies,47.952
5/12/2015,Office Supplies,250.26
3/11/2018,Technology,40.776
6/1/2016,Office Supplies,29.6
6/1/2016,Office Supplies,1.938
9/9/2018,Technology,159.96
5/1/2016,Office Supplies,59.52
5/1/2016,Office Supplies,17.48
5/1/2016,Office Supplies,13.168
16/04/2018,Office Supplies,40.74
10/9/2016,Furniture,179.886
25/09/2017,Office Supplies,286.256
25/09/2017,Office Supplies,24.224
25/09/2017,Office Supplies,331.536
16/03/2016,Office Supplies,17.52
26/11/2017,Office Supplies,17.856
26/09/2017,Technology,431.976
13/06/2018,Furniture,291.136
18/09/2018,Office Supplies,114.848
2/6/2018,Office Supplies,10.688
15/05/2017,Office Supplies,15.232
15/09/2018,Office Supplies,12.42
22/08/2017,Office Supplies,19.44
30/05/2015,Office Supplies,70.368
18/12/2018,Office Supplies,12.672
30/07/2018,Technology,89.95
21/11/2015,Office Supplies,6.58
21/11/2015,Technology,94.99
24/09/2016,Technology,35.12
20/08/2018,Office Supplies,25.92
17/06/2017,Office Supplies,7.96
17/06/2017,Technology,566.97
17/06/2017,Office Supplies,9.84
19/12/2016,Technology,25.488
31/05/2016,Office Supplies,7.56
18/06/2016,Furniture,60.84
18/06/2016,Office Supplies,450.04
18/06/2016,Office Supplies,34.6
18/06/2016,Technology,467.97
18/06/2016,Office Supplies,33.02
30/11/2016,Furniture,17.088
21/12/2016,Office Supplies,3.008
17/11/2018,Office Supplies,268.24
17/11/2018,Technology,431.16
13/11/2018,Technology,43.6
13/11/2018,Furniture,154.95
24/10/2017,Office Supplies,15.552
6/12/2015,Office Supplies,42.208
3/12/2018,Office Supplies,10.368
26/09/2018,Office Supplies,2.224
3/2/2016,Office Supplies,74.52
12/8/2018,Office Supplies,17.52
12/8/2018,Furniture,1779.9
12/8/2018,Office Supplies,219.9
24/08/2016,Office Supplies,7.152
12/11/2018,Office Supplies,26.72
1/8/2017,Technology,1039.728
1/8/2017,Office Supplies,45.96
25/11/2017,Office Supplies,456.588
25/11/2017,Technology,4499.985
25/11/2017,Technology,59.976
13/04/2017,Office Supplies,6.12
27/12/2015,Office Supplies,10.98
27/12/2015,Office Supplies,7.86
27/12/2015,Office Supplies,51.45
27/12/2015,Office Supplies,37.056
18/04/2017,Office Supplies,203.92
18/04/2017,Technology,29.56
8/3/2016,Office Supplies,8.568
4/11/2017,Office Supplies,45.248
4/11/2017,Furniture,876.3
4/11/2017,Office Supplies,185.376
29/11/2015,Office Supplies,25.06
17/05/2017,Office Supplies,2.89
17/05/2017,Office Supplies,7.896
17/05/2017,Furniture,22.608
17/05/2017,Office Supplies,30.528
19/09/2018,Office Supplies,4.842
19/12/2017,Office Supplies,1.8
12/10/2018,Technology,39.984
12/12/2016,Office Supplies,32.4
12/12/2016,Office Supplies,97.88
12/7/2016,Technology,307.168
2/10/2016,Office Supplies,26.9
24/03/2018,Office Supplies,47.01
24/03/2018,Technology,469.99
24/03/2018,Furniture,207.846
1/6/2018,Office Supplies,324.744
24/03/2015,Furniture,40.48
22/09/2016,Office Supplies,12
22/09/2016,Office Supplies,720.064
22/09/2016,Office Supplies,25.424
22/09/2016,Office Supplies,2.816
22/09/2016,Office Supplies,3.204
8/1/2017,Office Supplies,30.828
8/1/2017,Office Supplies,47.616
8/1/2017,Technology,108.784
14/02/2017,Office Supplies,4.77
14/02/2017,Office Supplies,7.98
14/02/2017,Furniture,550.431
14/02/2017,Furniture,10.56
8/6/2018,Furniture,1497.666
8/6/2018,Technology,17.52
21/10/2017,Office Supplies,113.22
21/10/2017,Office Supplies,35.88
21/10/2017,Office Supplies,4535.976
26/01/2018,Office Supplies,11.84
8/12/2018,Office Supplies,592.74
21/10/2017,Office Supplies,111.672
26/08/2015,Office Supplies,8.64
26/08/2015,Technology,149.97
16/05/2015,Furniture,232.88
3/2/2016,Furniture,90.882
31/10/2018,Technology,508.768
31/10/2018,Office Supplies,9.912
26/04/2016,Furniture,63.936
26/04/2016,Office Supplies,59.52
26/04/2016,Technology,311.976
26/04/2016,Office Supplies,50.352
9/5/2017,Technology,19.136
24/01/2016,Office Supplies,13.12
13/04/2016,Furniture,241.568
13/04/2016,Technology,479.92
25/09/2016,Furniture,307.136
25/09/2016,Office Supplies,12.6
25/09/2016,Technology,159.98
28/03/2015,Office Supplies,6.12
28/03/2015,Furniture,1184.72
17/07/2017,Office Supplies,45.96
19/04/2015,Office Supplies,58.05
19/04/2015,Office Supplies,71.28
21/07/2018,Furniture,124.404
27/09/2016,Office Supplies,154.9
27/09/2016,Technology,1871.88
27/02/2017,Furniture,16.192
2/5/2017,Office Supplies,18.936
2/5/2017,Office Supplies,12.672
2/5/2017,Office Supplies,5.04
9/12/2015,Office Supplies,8.448
9/12/2015,Office Supplies,20.388
25/12/2016,Office Supplies,9.96
7/12/2018,Office Supplies,320.64
7/12/2018,Technology,52
30/05/2015,Office Supplies,25.584
30/05/2015,Technology,464
30/05/2015,Office Supplies,235.95
30/05/2015,Office Supplies,39.96
2/3/2018,Office Supplies,18.528
12/10/2016,Technology,17.9
12/10/2016,Office Supplies,81.96
14/07/2016,Office Supplies,272.736
14/07/2016,Office Supplies,18.496
14/07/2016,Furniture,441.92
14/07/2016,Furniture,127.764
19/11/2015,Office Supplies,166.44
27/05/2017,Office Supplies,13.38
3/7/2018,Technology,24
25/09/2018,Office Supplies,24.448
3/10/2017,Office Supplies,6.16
3/10/2017,Furniture,915.136
3/10/2017,Office Supplies,8.56
3/10/2017,Office Supplies,97.82
9/9/2018,Office Supplies,31.104
9/9/2018,Office Supplies,11.176
12/3/2016,Office Supplies,5.04
29/11/2017,Furniture,242.176
14/06/2017,Furniture,337.176
3/12/2018,Office Supplies,13.344
3/12/2018,Technology,76.752
3/12/2018,Technology,102.336
3/12/2018,Office Supplies,10.32
3/12/2018,Office Supplies,47.32
3/12/2018,Furniture,23.376
3/12/2018,Furniture,16.72
3/12/2018,Furniture,16.192
16/08/2017,Office Supplies,32.4
25/12/2017,Office Supplies,19.89
25/12/2017,Technology,399.98
25/12/2017,Furniture,343.85
25/12/2017,Office Supplies,106.32
23/07/2018,Office Supplies,13.92
21/06/2018,Office Supplies,82.4
21/06/2018,Office Supplies,6.24
21/06/2018,Office Supplies,447.84
13/08/2018,Office Supplies,272.048
13/08/2018,Office Supplies,1614.582
13/08/2018,Office Supplies,24.32
13/08/2018,Technology,1.584
13/08/2018,Furniture,31.984
13/08/2018,Office Supplies,14.76
13/08/2018,Furniture,423.648
7/11/2016,Office Supplies,76.64
15/10/2016,Office Supplies,4.464
15/10/2016,Office Supplies,3.96
30/07/2017,Office Supplies,715.64
3/12/2017,Furniture,268.704
3/12/2017,Office Supplies,21.92
3/12/2017,Office Supplies,48.72
3/12/2017,Furniture,205.666
28/04/2017,Furniture,30.344
25/08/2018,Office Supplies,25.696
17/06/2018,Technology,3404.5
17/06/2018,Technology,101.34
20/11/2016,Furniture,344.372
4/9/2018,Office Supplies,30.384
4/7/2016,Office Supplies,22.848
15/09/2018,Office Supplies,38.62
15/09/2018,Technology,59.98
13/03/2018,Office Supplies,174.3
24/09/2018,Technology,383.96
24/09/2018,Office Supplies,15.57
13/08/2017,Office Supplies,22.32
13/08/2017,Office Supplies,103.6
20/11/2018,Technology,2.97
20/11/2018,Technology,569.99
20/11/2018,Furniture,50.97
25/07/2018,Furniture,298.116
25/03/2017,Office Supplies,59.52
15/07/2017,Furniture,230.28
15/07/2017,Office Supplies,105.52
17/08/2018,Office Supplies,23.36
17/08/2018,Technology,71.976
17/08/2018,Office Supplies,8.56
17/08/2018,Office Supplies,13.92
17/08/2018,Office Supplies,2518.29
17/08/2018,Office Supplies,540.57
17/08/2018,Office Supplies,221.056
14/12/2017,Furniture,81.424
14/12/2017,Office Supplies,134.8
25/12/2018,Office Supplies,39.582
25/12/2018,Office Supplies,44.688
25/12/2018,Office Supplies,31.744
25/12/2018,Office Supplies,40.98
25/12/2018,Office Supplies,3.168
1/3/2015,Office Supplies,18.84
1/3/2015,Furniture,362.25
1/3/2015,Furniture,63.552
1/3/2015,Office Supplies,129.552
19/11/2016,Office Supplies,5.984
19/11/2016,Technology,861.76
1/4/2015,Office Supplies,66.96
1/4/2015,Office Supplies,6.24
5/10/2018,Furniture,435.168
5/10/2018,Office Supplies,14.9
5/10/2018,Office Supplies,15.8
5/10/2018,Furniture,72.9
5/10/2018,Furniture,206.352
5/10/2018,Technology,7.992
18/11/2018,Office Supplies,81.36
18/11/2018,Office Supplies,20.232
18/11/2018,Office Supplies,389.056
18/11/2018,Office Supplies,20.736
18/11/2018,Office Supplies,41.472
23/03/2016,Office Supplies,33.36
10/10/2017,Furniture,90.882
10/10/2017,Technology,15.992
10/10/2017,Furniture,120.784
16/08/2016,Technology,519.792
16/08/2016,Technology,31.176
16/08/2016,Office Supplies,10.368
16/08/2016,Office Supplies,2.724
16/08/2016,Furniture,254.352
16/08/2016,Office Supplies,3.762
16/08/2016,Office Supplies,10.272
31/05/2015,Technology,659.97
31/05/2015,Technology,113.73
27/08/2016,Office Supplies,5.104
3/1/2015,Office Supplies,16.448
10/9/2015,Office Supplies,81.92
10/9/2015,Furniture,254.9
22/01/2018,Office Supplies,15.12
22/01/2018,Office Supplies,7.872
21/04/2017,Office Supplies,8.32
20/07/2017,Technology,89.95
23/08/2017,Office Supplies,25.2
23/08/2017,Office Supplies,37.59
23/08/2017,Office Supplies,14.97
23/08/2017,Technology,1.98
14/06/2017,Office Supplies,39.936
14/06/2017,Technology,18.464
20/11/2016,Office Supplies,4.896
20/11/2016,Furniture,145.764
20/11/2016,Office Supplies,9.612
3/11/2018,Technology,199.75
3/11/2018,Furniture,1673.184
4/5/2015,Furniture,12.18
4/5/2015,Office Supplies,57.68
8/11/2016,Technology,263.96
12/12/2016,Technology,299.94
12/12/2016,Office Supplies,25.76
1/12/2015,Technology,271.9
1/12/2015,Furniture,45.84
1/12/2015,Furniture,9.82
7/10/2017,Office Supplies,93.36
17/11/2016,Office Supplies,541.24
17/11/2016,Office Supplies,106.32
17/11/2016,Furniture,1323.9
17/03/2015,Office Supplies,126.624
20/06/2016,Technology,125.944
25/05/2018,Office Supplies,663.92
25/05/2018,Technology,120
25/05/2018,Office Supplies,3.29
25/05/2018,Furniture,18.84
9/9/2015,Furniture,60.672
9/9/2015,Office Supplies,30.816
17/10/2018,Technology,52.792
2/11/2018,Office Supplies,83.9
2/11/2018,Office Supplies,11.76
21/07/2015,Office Supplies,4.992
21/07/2015,Office Supplies,87.92
21/07/2015,Furniture,657.93
21/07/2015,Office Supplies,1.044
11/9/2016,Furniture,210.68
11/9/2016,Office Supplies,78.8
11/9/2016,Technology,19.99
11/9/2016,Office Supplies,772.68
21/10/2017,Technology,106.08
7/1/2017,Furniture,23.076
7/1/2017,Office Supplies,25.92
25/06/2016,Office Supplies,47.952
25/06/2016,Office Supplies,0.984
25/06/2016,Furniture,75.384
25/06/2016,Office Supplies,4.608
20/09/2016,Office Supplies,37.68
10/7/2018,Office Supplies,41.91
30/06/2018,Furniture,435.999
21/08/2018,Furniture,388.704
21/08/2018,Office Supplies,572.58
21/08/2018,Technology,33.18
11/3/2018,Technology,63.88
11/3/2018,Furniture,26.72
15/09/2018,Office Supplies,295.056
20/09/2017,Office Supplies,393.25
15/12/2017,Office Supplies,2.214
3/11/2018,Office Supplies,16.272
3/7/2017,Office Supplies,706.86
26/09/2015,Office Supplies,5.97
26/09/2015,Furniture,21.184
26/09/2015,Office Supplies,41.376
14/07/2015,Office Supplies,17.94
28/09/2018,Office Supplies,2.655
28/08/2016,Office Supplies,892.35
28/08/2016,Furniture,307.666
28/08/2016,Office Supplies,728.82
28/08/2016,Office Supplies,41.36
28/08/2016,Technology,43.176
28/08/2016,Furniture,4.16
20/09/2016,Office Supplies,61.4
20/09/2016,Office Supplies,24.448
7/11/2017,Technology,263.96
7/11/2017,Technology,359.97
7/11/2017,Office Supplies,12.96
7/11/2017,Office Supplies,116.82
7/11/2017,Office Supplies,276.784
20/10/2016,Technology,239.97
20/10/2016,Furniture,16.02
1/1/2018,Office Supplies,454.56
1/1/2018,Furniture,141.42
1/1/2018,Furniture,310.744
1/1/2018,Office Supplies,12.736
1/1/2018,Office Supplies,6.47
1/1/2018,Office Supplies,13.748
1/1/2018,Office Supplies,15.224
23/06/2016,Furniture,27.42
23/06/2016,Office Supplies,165.98
23/06/2016,Technology,75
22/11/2017,Office Supplies,134.272
26/10/2016,Office Supplies,146.544
26/10/2016,Office Supplies,131.904
26/10/2016,Office Supplies,203.88
26/10/2016,Office Supplies,14.301
26/10/2016,Office Supplies,718.64
20/10/2017,Furniture,61.1
28/04/2018,Office Supplies,28.08
29/09/2017,Office Supplies,10.496
10/7/2016,Office Supplies,39.92
7/8/2016,Office Supplies,77.58
7/12/2015,Office Supplies,269.36
10/12/2016,Office Supplies,5.76
8/11/2018,Office Supplies,109.9
27/07/2018,Furniture,23.88
27/07/2018,Office Supplies,26.2
27/07/2018,Office Supplies,12.96
27/07/2018,Technology,234.95
28/12/2018,Office Supplies,118.25
28/12/2018,Office Supplies,4.28
10/3/2017,Technology,26.85
10/3/2017,Technology,3357.6
22/05/2016,Office Supplies,8.26
22/05/2016,Technology,2973.32
22/05/2016,Office Supplies,104.79
22/05/2016,Technology,775.728
17/02/2018,Furniture,89.0664
17/02/2018,Office Supplies,175.44
17/02/2018,Technology,438.336
8/12/2018,Furniture,215.544
18/11/2018,Office Supplies,55.584
18/11/2018,Furniture,127.386
1/12/2017,Furniture,248.43
1/12/2017,Office Supplies,11.648
1/12/2017,Furniture,85.246
3/10/2018,Office Supplies,20.64
29/08/2018,Furniture,148.02
24/11/2018,Office Supplies,33.29
30/06/2018,Office Supplies,204.95
22/07/2018,Furniture,526.344
11/11/2017,Furniture,41.96
11/11/2017,Furniture,451.152
11/11/2017,Office Supplies,31.504
9/12/2015,Office Supplies,30.672
9/12/2015,Technology,1079.976
7/9/2018,Furniture,161.568
6/2/2016,Office Supplies,2.934
6/2/2016,Technology,18.528
6/2/2016,Office Supplies,670.752
26/08/2018,Furniture,64.96
20/07/2015,Technology,41.94
20/07/2015,Office Supplies,11.96
20/07/2015,Office Supplies,13.12
20/07/2015,Office Supplies,535.41
8/10/2016,Furniture,72.78
16/02/2016,Office Supplies,36.84
16/02/2016,Office Supplies,87.71
12/8/2017,Furniture,562.2925
9/11/2015,Furniture,56.52
18/07/2017,Office Supplies,11.264
18/07/2017,Office Supplies,284.08
18/07/2017,Office Supplies,18.496
5/2/2017,Office Supplies,14.73
5/2/2017,Office Supplies,186.54
5/2/2017,Furniture,557.728
5/2/2017,Technology,159.968
20/06/2015,Office Supplies,471.9
20/06/2015,Office Supplies,3.52
9/6/2018,Office Supplies,49.12
27/12/2017,Office Supplies,20.16
26/01/2015,Office Supplies,10.68
26/01/2015,Furniture,141.96
23/03/2018,Office Supplies,32.48
23/03/2018,Office Supplies,20.04
23/03/2018,Technology,13999.96
20/03/2018,Technology,238
20/03/2018,Office Supplies,61.96
4/10/2017,Furniture,239.372
18/11/2017,Technology,595
26/12/2018,Office Supplies,16.032
9/3/2017,Technology,199.75
16/02/2017,Furniture,227.96
28/09/2016,Office Supplies,293.52
28/09/2016,Technology,307.98
2/11/2016,Furniture,96.96
2/11/2016,Office Supplies,117.488
2/11/2016,Office Supplies,11.952
2/11/2016,Furniture,512.499
31/07/2017,Furniture,863.128
6/11/2018,Furniture,2036.86
6/11/2018,Furniture,449.568
6/11/2018,Technology,108.96
14/02/2017,Office Supplies,264.18
9/7/2015,Office Supplies,2.88
9/7/2015,Office Supplies,41.904
9/7/2015,Office Supplies,23.92
30/01/2017,Office Supplies,156.512
22/09/2017,Office Supplies,128.34
22/12/2018,Technology,474.95
2/9/2017,Technology,999.98
2/8/2016,Furniture,277.5
21/11/2016,Furniture,1252.704
21/11/2016,Technology,110.97
18/05/2018,Furniture,22.608
18/05/2018,Furniture,1.892
23/07/2018,Office Supplies,63.312
13/09/2016,Office Supplies,7.824
13/09/2016,Furniture,170.072
10/12/2017,Office Supplies,62.82
2/10/2016,Office Supplies,19.44
2/10/2016,Office Supplies,7.38
17/11/2018,Office Supplies,38.88
17/11/2018,Furniture,187.76
30/11/2016,Office Supplies,6.048
30/11/2016,Office Supplies,98.352
30/11/2016,Furniture,335.744
6/12/2016,Office Supplies,8.96
5/9/2018,Technology,89.568
5/9/2018,Office Supplies,71.96
5/9/2018,Office Supplies,15.552
24/04/2018,Office Supplies,10.43
24/04/2018,Office Supplies,72.784
8/11/2016,Office Supplies,67.15
8/11/2016,Technology,549.98
8/11/2016,Furniture,11.82
8/11/2016,Technology,4643.8
8/11/2016,Furniture,577.764
26/04/2016,Furniture,191.5155
26/04/2016,Office Supplies,2.624
20/09/2016,Office Supplies,1369.764
20/09/2016,Office Supplies,294.368
7/9/2018,Office Supplies,81.568
7/11/2017,Furniture,44.46
7/11/2017,Office Supplies,314.088
25/09/2016,Office Supplies,6.336
25/09/2016,Office Supplies,10.48
25/09/2016,Office Supplies,2.469
25/09/2016,Office Supplies,3.264
3/10/2015,Office Supplies,4.344
3/10/2015,Furniture,31.776
3/10/2015,Office Supplies,4.928
3/10/2015,Office Supplies,1.788
3/10/2015,Office Supplies,15.072
18/02/2015,Office Supplies,12.624
12/6/2017,Office Supplies,185.88
12/6/2017,Office Supplies,12.96
1/11/2018,Office Supplies,189.7
1/11/2018,Office Supplies,40.99
4/4/2017,Furniture,82.64
4/4/2017,Office Supplies,31.02
4/4/2017,Technology,89.97
30/06/2017,Office Supplies,35.97
30/06/2017,Furniture,1266.86
22/09/2015,Office Supplies,169.45
22/09/2015,Office Supplies,40.68
1/5/2018,Office Supplies,3.328
1/5/2018,Furniture,933.262
1/5/2018,Furniture,2803.92
20/10/2018,Office Supplies,4.768
20/10/2018,Office Supplies,6.672
20/10/2018,Office Supplies,4.448
20/10/2018,Furniture,43.936
1/9/2015,Office Supplies,23.744
1/9/2015,Technology,357
12/8/2015,Technology,806.336
12/8/2015,Furniture,85.44
19/08/2015,Office Supplies,344.91
10/5/2016,Office Supplies,70.97
10/5/2016,Office Supplies,36.784
10/5/2017,Technology,743.988
5/3/2016,Office Supplies,11.212
5/3/2016,Furniture,4.712
5/3/2016,Office Supplies,180.98
5/3/2016,Office Supplies,60.416
12/8/2018,Technology,299.99
12/8/2018,Office Supplies,192.16
12/8/2018,Technology,242.624
12/8/2018,Office Supplies,46.74
12/8/2018,Technology,174.95
12/8/2018,Office Supplies,100.704
26/06/2017,Office Supplies,368.91
26/06/2017,Office Supplies,8.02
26/06/2017,Office Supplies,171.04
15/12/2017,Office Supplies,19.44
13/09/2016,Office Supplies,13.092
30/12/2015,Office Supplies,122.94
30/12/2015,Office Supplies,35.448
29/04/2015,Technology,19.98
30/01/2018,Furniture,69.375
30/01/2018,Office Supplies,31.68
30/01/2018,Technology,2003.168
30/01/2018,Office Supplies,9.344
25/12/2017,Furniture,2563.056
20/10/2017,Furniture,387.136
13/06/2016,Office Supplies,3.424
30/06/2018,Office Supplies,1085.42
26/06/2016,Office Supplies,43.056
21/02/2017,Office Supplies,3.762
21/02/2017,Office Supplies,34.86
21/02/2017,Office Supplies,432.456
22/04/2018,Office Supplies,675.06
9/5/2018,Office Supplies,65.232
9/5/2018,Furniture,207
21/12/2016,Technology,600.53
21/12/2016,Office Supplies,59.904
21/12/2016,Technology,637.44
21/12/2016,Furniture,51.756
12/8/2015,Office Supplies,31.104
12/8/2015,Office Supplies,47.96
12/8/2015,Technology,158.928
12/8/2015,Office Supplies,211.248
12/8/2015,Office Supplies,5.552
12/8/2015,Office Supplies,2.952
11/12/2016,Office Supplies,10.332
3/11/2018,Office Supplies,18.368
13/03/2018,Technology,299.9
30/05/2017,Office Supplies,26.55
30/05/2017,Technology,111.98
5/7/2016,Furniture,4.928
5/7/2016,Office Supplies,11.784
11/3/2015,Office Supplies,7.98
20/04/2016,Office Supplies,180.96
26/07/2018,Technology,1649.95
26/07/2018,Furniture,362.352
31/10/2015,Technology,73.584
3/11/2018,Furniture,486.368
11/8/2017,Office Supplies,32.4
11/8/2017,Office Supplies,41.86
11/8/2017,Office Supplies,77.56
25/07/2017,Office Supplies,37.17
1/3/2015,Office Supplies,137.352
1/3/2015,Furniture,376.509
26/01/2018,Furniture,62.72
26/01/2018,Technology,2939.93
12/7/2015,Furniture,512.358
12/7/2015,Office Supplies,3.488
12/7/2015,Office Supplies,22.288
12/7/2015,Office Supplies,16.032
11/4/2018,Office Supplies,1.752
11/4/2018,Office Supplies,20.992
13/11/2018,Office Supplies,11.21
5/12/2016,Office Supplies,45.04
26/09/2017,Office Supplies,15.624
19/11/2017,Office Supplies,8.74
19/11/2017,Office Supplies,44.75
8/9/2018,Office Supplies,61.68
8/9/2018,Technology,158.376
21/07/2018,Office Supplies,2.864
21/07/2018,Office Supplies,94.192
6/10/2018,Office Supplies,143.7
6/10/2018,Office Supplies,6.48
7/11/2018,Technology,7.88
9/3/2017,Office Supplies,11.21
9/3/2017,Furniture,354.9
9/3/2017,Office Supplies,17.94
9/3/2017,Office Supplies,51.8
13/05/2018,Office Supplies,299.52
2/7/2017,Office Supplies,7.7
27/12/2015,Office Supplies,23.92
27/12/2015,Technology,498
13/04/2018,Furniture,436.704
14/11/2015,Office Supplies,32.4
11/6/2018,Office Supplies,61.44
25/11/2017,Office Supplies,73.36
21/03/2015,Office Supplies,59.2
21/03/2015,Furniture,32.952
21/03/2015,Furniture,218.376
30/04/2016,Furniture,31.4
30/04/2016,Furniture,9.48
30/04/2016,Technology,209.5
30/04/2016,Furniture,24.3
30/04/2016,Office Supplies,6.48
3/5/2018,Furniture,32.448
3/5/2018,Office Supplies,26.388
3/5/2018,Furniture,373.47
3/5/2018,Office Supplies,64.2
3/5/2018,Office Supplies,8
26/08/2017,Furniture,186.54
11/4/2015,Office Supplies,87.08
11/4/2015,Technology,105.584
11/4/2015,Technology,217.44
2/1/2018,Office Supplies,31.744
2/1/2018,Office Supplies,5.432
2/1/2018,Furniture,913.43
2/1/2018,Office Supplies,372.144
28/04/2018,Technology,751.984
30/01/2018,Technology,604.768
7/9/2015,Office Supplies,27.36
7/9/2015,Office Supplies,20.56
7/9/2015,Office Supplies,83.92
11/6/2017,Furniture,902.712
17/10/2017,Furniture,120.666
27/12/2015,Office Supplies,4.984
24/11/2017,Furniture,82.26
10/11/2017,Office Supplies,29.74
5/1/2016,Office Supplies,87.36
5/1/2016,Office Supplies,56.16
21/03/2018,Office Supplies,64.384
12/11/2016,Office Supplies,64.784
12/11/2016,Office Supplies,15.552
12/11/2016,Office Supplies,223.888
9/9/2015,Office Supplies,10.896
17/03/2017,Technology,84.784
8/2/2017,Furniture,241.5
26/11/2017,Technology,59.97
26/11/2017,Office Supplies,13.36
4/9/2018,Office Supplies,11.808
28/05/2016,Office Supplies,16.24
28/05/2016,Office Supplies,77.55
1/11/2015,Office Supplies,76.12
27/12/2017,Office Supplies,17.184
4/12/2018,Office Supplies,11.76
23/12/2018,Furniture,27.46
1/12/2017,Technology,137.94
1/12/2017,Furniture,111.15
1/12/2017,Office Supplies,901.95
1/12/2017,Furniture,366.009
30/06/2015,Office Supplies,310.688
3/9/2015,Office Supplies,7.68
2/11/2018,Furniture,155.372
13/04/2016,Office Supplies,10.744
5/12/2016,Office Supplies,232.4
5/12/2016,Furniture,164.646
5/12/2016,Office Supplies,22.68
1/2/2017,Office Supplies,105.52
8/7/2018,Furniture,83.92
8/7/2018,Technology,141.9
8/7/2018,Furniture,39.98
8/7/2018,Office Supplies,28.91
8/7/2018,Office Supplies,174.95
11/12/2016,Office Supplies,110.528
15/11/2017,Furniture,630.024
9/5/2017,Office Supplies,27.86
10/3/2018,Furniture,933.408
17/12/2017,Office Supplies,51.84
17/12/2017,Technology,165.6
6/4/2018,Office Supplies,106.32
9/5/2018,Office Supplies,147.92
9/5/2018,Office Supplies,104.28
9/5/2018,Furniture,286.85
9/5/2018,Office Supplies,66.96
9/5/2018,Technology,199.98
12/10/2018,Technology,45
12/10/2018,Office Supplies,17.9
12/10/2018,Furniture,40.48
12/10/2018,Furniture,2154.9
28/08/2017,Office Supplies,18.432
2/10/2016,Office Supplies,10.944
23/11/2018,Office Supplies,4.36
12/11/2018,Technology,62.352
19/12/2017,Furniture,303.92
30/03/2015,Office Supplies,129.3
8/11/2018,Furniture,274.2
14/09/2015,Office Supplies,6.048
14/09/2015,Office Supplies,6.848
14/09/2015,Furniture,9.96
14/09/2015,Office Supplies,8.552
20/09/2016,Office Supplies,45.584
10/12/2016,Technology,25.488
28/05/2015,Office Supplies,136.96
14/03/2018,Technology,49.616
8/12/2017,Office Supplies,10.584
6/5/2018,Office Supplies,84.416
6/3/2017,Technology,431.94
6/3/2017,Office Supplies,2.043
6/3/2017,Technology,68.238
23/10/2018,Furniture,240.744
23/10/2018,Furniture,35
23/10/2018,Furniture,210.68
23/10/2018,Furniture,637.896
23/10/2018,Office Supplies,43.44
23/10/2018,Office Supplies,2.22
28/04/2015,Technology,1679.96
18/04/2017,Furniture,344.372
18/04/2017,Office Supplies,1554.936
18/04/2017,Furniture,127.88
22/05/2017,Technology,222.384
28/05/2018,Furniture,106.869
28/05/2018,Office Supplies,3.564
25/08/2015,Office Supplies,25.68
25/08/2015,Office Supplies,12.384
30/08/2015,Office Supplies,25.3
30/08/2015,Office Supplies,95.94
3/9/2016,Office Supplies,7.5
28/03/2015,Technology,302.376
10/5/2016,Technology,46.688
9/4/2016,Office Supplies,17.94
9/4/2016,Office Supplies,370.14
19/09/2017,Office Supplies,8.928
11/11/2017,Furniture,2678.94
23/04/2018,Furniture,387.136
23/04/2018,Technology,45.408
23/04/2018,Furniture,77.952
23/04/2018,Office Supplies,3
22/10/2016,Office Supplies,9.952
9/4/2018,Office Supplies,37.896
9/4/2018,Office Supplies,65.584
27/10/2018,Office Supplies,44.784
30/10/2016,Technology,1035.8
18/12/2018,Office Supplies,5.76
12/3/2017,Office Supplies,19.98
21/07/2015,Technology,35.98
24/05/2017,Office Supplies,16.656
11/2/2018,Office Supplies,20.7
20/09/2017,Office Supplies,83.7
24/09/2018,Furniture,199.8
27/03/2018,Office Supplies,45.68
27/03/2018,Office Supplies,110.96
27/03/2018,Office Supplies,11.94
2/2/2017,Technology,8749.95
2/2/2017,Office Supplies,36.4
2/2/2017,Furniture,18.69
7/7/2018,Office Supplies,5.94
23/10/2016,Office Supplies,60.736
23/10/2016,Technology,479.976
23/10/2016,Office Supplies,6.08
2/12/2017,Technology,165.6
5/3/2015,Office Supplies,59.52
5/3/2015,Technology,479.97
5/3/2015,Office Supplies,18.62
5/3/2015,Office Supplies,49.632
5/3/2015,Office Supplies,97.82
1/3/2016,Technology,15.984
1/3/2016,Furniture,184.752
20/02/2015,Office Supplies,12.96
2/5/2017,Furniture,366.744
8/3/2017,Office Supplies,8.856
8/3/2017,Technology,27.96
8/3/2017,Office Supplies,146.352
11/12/2016,Technology,175.23
11/12/2016,Technology,125.99
11/12/2016,Office Supplies,23
22/12/2017,Office Supplies,25.584
2/2/2017,Furniture,73.784
5/6/2018,Office Supplies,20.736
21/08/2016,Office Supplies,17.52
21/08/2016,Office Supplies,35.76
7/4/2017,Office Supplies,3.64
4/6/2018,Furniture,30.336
4/12/2018,Furniture,12.99
4/12/2018,Furniture,182.22
4/12/2018,Furniture,302.94
11/1/2017,Furniture,54.992
1/4/2017,Technology,12.99
21/09/2018,Office Supplies,55.86
16/03/2018,Technology,44.376
16/03/2018,Furniture,51.264
16/03/2018,Office Supplies,5.193
16/03/2018,Technology,159.984
16/03/2018,Office Supplies,54.224
10/11/2018,Furniture,241.424
30/11/2017,Office Supplies,33.36
30/11/2017,Office Supplies,13.76
30/11/2017,Office Supplies,496.86
30/11/2017,Furniture,389.97
13/01/2016,Office Supplies,9.82
16/05/2015,Technology,56.4
7/6/2016,Office Supplies,18.312
7/6/2016,Office Supplies,25.92
7/6/2016,Office Supplies,8.016
9/3/2018,Technology,479.984
9/3/2018,Office Supplies,30.84
22/12/2016,Office Supplies,33.568
22/12/2016,Furniture,422.625
6/8/2015,Technology,199.98
27/03/2017,Furniture,20.24
27/03/2017,Furniture,39.92
27/03/2017,Office Supplies,32.54
5/12/2016,Technology,39
5/12/2016,Office Supplies,12.6
11/9/2016,Furniture,24.64
17/07/2016,Office Supplies,6.264
17/07/2016,Office Supplies,14.432
30/05/2015,Technology,719.976
13/11/2018,Technology,239.92
9/12/2017,Furniture,1056.86
22/03/2016,Technology,447.944
22/03/2016,Office Supplies,150.408
23/12/2017,Technology,453.576
23/12/2017,Office Supplies,45.36
23/12/2017,Technology,287.88
23/12/2017,Technology,131.88
23/12/2017,Furniture,2.328
2/4/2017,Furniture,1454.9
30/04/2018,Office Supplies,4.842
30/04/2018,Furniture,220.704
17/11/2017,Technology,67.176
17/11/2017,Office Supplies,15.232
10/11/2017,Office Supplies,31.104
6/12/2017,Office Supplies,968.744
6/12/2017,Office Supplies,222.352
6/12/2017,Technology,479.984
3/4/2017,Office Supplies,10.272
28/11/2015,Technology,998.85
20/10/2016,Office Supplies,24.56
19/09/2015,Office Supplies,5.67
27/08/2018,Office Supplies,14.336
3/7/2018,Furniture,102.3
22/12/2018,Furniture,607.52
22/12/2018,Office Supplies,31.16
27/12/2017,Office Supplies,2.61
20/05/2015,Furniture,10.332
20/05/2015,Office Supplies,10.368
20/05/2015,Technology,20.784
20/05/2015,Office Supplies,66.96
4/2/2015,Office Supplies,17.248
9/12/2018,Office Supplies,11.088
11/7/2018,Technology,1287.45
11/7/2018,Office Supplies,168.1
15/05/2016,Office Supplies,51.968
29/01/2018,Office Supplies,4.768
29/09/2018,Office Supplies,7.98
23/04/2018,Office Supplies,18.688
23/04/2018,Furniture,11.664
9/11/2018,Technology,191.976
9/11/2018,Technology,499.168
5/5/2015,Office Supplies,11.88
5/5/2015,Office Supplies,35.44
27/10/2017,Office Supplies,67.136
26/11/2015,Office Supplies,4.32
26/11/2015,Office Supplies,14.94
26/11/2015,Office Supplies,40.54
26/11/2015,Office Supplies,7.312
31/12/2015,Technology,475.944
3/1/2017,Technology,30.08
3/1/2017,Technology,165.6
3/1/2017,Technology,180.96
18/08/2018,Technology,23.18
4/6/2015,Furniture,56.96
4/6/2015,Office Supplies,15.56
4/6/2015,Furniture,353.568
4/6/2015,Furniture,13.96
13/11/2018,Technology,82.95
28/01/2017,Office Supplies,39.68
9/11/2017,Technology,479.97
10/9/2017,Office Supplies,7.38
10/9/2017,Office Supplies,14.256
10/9/2017,Office Supplies,81.98
10/9/2017,Office Supplies,39.624
3/3/2018,Furniture,399.672
8/9/2018,Office Supplies,65.12
6/11/2018,Furniture,30.56
13/05/2018,Office Supplies,20.768
27/11/2017,Office Supplies,39.808
13/11/2016,Office Supplies,121.104
13/11/2016,Technology,111.96
8/12/2016,Office Supplies,15.696
7/9/2016,Office Supplies,70.26
7/9/2016,Technology,90
7/9/2016,Office Supplies,6.096
7/9/2016,Furniture,481.176
7/9/2016,Office Supplies,7.24
28/07/2017,Furniture,177.45
28/07/2017,Office Supplies,1369.764
28/07/2017,Office Supplies,9.48
25/08/2018,Furniture,130.98
30/04/2015,Office Supplies,174.95
30/04/2015,Office Supplies,826
27/04/2018,Furniture,139.58
23/07/2018,Technology,399.95
13/12/2015,Office Supplies,12.39
12/1/2018,Office Supplies,760.98
2/12/2018,Office Supplies,67.86
8/11/2016,Office Supplies,31.504
8/11/2016,Office Supplies,5.04
8/11/2016,Office Supplies,39.879
8/11/2016,Furniture,4.712
25/11/2017,Furniture,194.352
5/12/2016,Furniture,97.424
29/07/2017,Office Supplies,704.76
29/07/2017,Office Supplies,27.396
13/09/2015,Office Supplies,5.7
13/09/2015,Furniture,14.19
13/09/2015,Office Supplies,7.3
13/09/2015,Technology,199.98
13/09/2015,Technology,144.96
13/09/2015,Technology,118
13/09/2015,Office Supplies,48.94
13/09/2015,Office Supplies,22.66
21/06/2017,Office Supplies,0.836
3/9/2017,Office Supplies,30.96
25/11/2018,Furniture,723.92
12/5/2016,Furniture,21.968
12/5/2016,Technology,619.152
12/5/2016,Office Supplies,127.904
30/03/2018,Furniture,94.2
17/11/2017,Office Supplies,49.5
30/12/2017,Office Supplies,16.52
22/12/2017,Office Supplies,55.36
22/12/2017,Technology,11.56
20/12/2016,Office Supplies,17.12
27/12/2015,Furniture,182.352
27/12/2015,Office Supplies,118.16
16/02/2018,Office Supplies,18.368
16/02/2018,Furniture,600.558
16/02/2018,Office Supplies,50.352
16/02/2018,Office Supplies,28.032
16/02/2018,Furniture,7.692
24/10/2018,Furniture,517.405
2/9/2017,Office Supplies,8.608
2/9/2017,Technology,159.56
1/12/2017,Office Supplies,2104.55
1/12/2017,Office Supplies,40.7
5/11/2015,Technology,47.79
25/11/2018,Office Supplies,5.16
16/12/2017,Technology,21.21
14/11/2018,Office Supplies,96.36
26/06/2017,Office Supplies,231.72
26/06/2017,Office Supplies,17.9
26/06/2017,Office Supplies,12.48
26/12/2015,Office Supplies,8.016
14/08/2017,Technology,259.896
14/08/2017,Technology,247.188
14/08/2017,Technology,279.96
24/10/2017,Technology,450
23/08/2015,Office Supplies,19.44
15/09/2018,Furniture,300.904
15/06/2018,Technology,239.976
15/06/2018,Furniture,31.168
15/06/2018,Furniture,120.96
15/06/2018,Technology,2239.936
15/06/2018,Office Supplies,76.608
15/06/2018,Office Supplies,142.776
15/06/2018,Office Supplies,91.36
1/3/2016,Office Supplies,3.552
23/07/2017,Technology,115.136
1/10/2015,Office Supplies,4.71
8/9/2015,Furniture,172.764
8/9/2015,Office Supplies,3.52
16/11/2015,Technology,79.968
16/11/2015,Furniture,305.9745
16/11/2015,Office Supplies,344.91
3/3/2015,Furniture,626.352
3/12/2016,Furniture,359.499
11/7/2018,Technology,71.952
11/7/2018,Office Supplies,29.8
16/11/2018,Office Supplies,1.824
12/6/2017,Office Supplies,64.384
12/6/2017,Furniture,6.984
12/6/2017,Office Supplies,11.264
12/6/2017,Office Supplies,15.552
12/6/2017,Furniture,379.372
12/6/2017,Office Supplies,67.536
12/6/2017,Office Supplies,1.524
29/12/2017,Office Supplies,37.408
29/12/2017,Office Supplies,25.344
18/03/2018,Office Supplies,46.2
27/12/2016,Technology,4.728
27/12/2016,Furniture,53.352
27/12/2016,Furniture,131.104
27/12/2016,Office Supplies,22.512
27/12/2016,Technology,72.744
31/07/2016,Office Supplies,52.59
27/06/2018,Office Supplies,19.44
27/06/2018,Furniture,126.3
27/06/2018,Technology,1287.45
7/2/2015,Office Supplies,64.96
4/9/2017,Office Supplies,535.41
6/4/2018,Office Supplies,8.1
8/12/2018,Office Supplies,13.248
8/12/2018,Technology,83.988
24/07/2017,Office Supplies,73.2
9/11/2016,Office Supplies,10.74
2/10/2016,Furniture,11.032
2/10/2016,Technology,53.04
22/11/2016,Office Supplies,17.12
22/11/2016,Office Supplies,59.94
2/2/2018,Furniture,210.58
2/2/2018,Office Supplies,30.96
2/2/2018,Technology,239.984
16/06/2016,Office Supplies,3050.376
16/06/2016,Technology,133.98
5/5/2017,Office Supplies,93.248
5/5/2017,Technology,177.48
9/9/2018,Office Supplies,17.712
9/9/2018,Office Supplies,4.86
9/9/2018,Office Supplies,6.258
22/07/2017,Office Supplies,37.68
22/07/2017,Office Supplies,51.84
22/07/2017,Furniture,27.42
22/07/2017,Office Supplies,5.4
31/01/2017,Office Supplies,1270.99
31/01/2017,Office Supplies,125.36
29/12/2017,Office Supplies,14.03
29/12/2017,Office Supplies,27.96
21/11/2016,Office Supplies,5.344
21/11/2016,Office Supplies,1.696
21/11/2016,Office Supplies,24.588
21/11/2016,Office Supplies,7.98
5/10/2016,Technology,288
12/9/2017,Technology,146.952
12/9/2017,Furniture,83.136
14/09/2018,Office Supplies,942.784
14/09/2018,Office Supplies,74.352
23/02/2016,Office Supplies,26.88
23/02/2016,Office Supplies,10.896
5/12/2017,Office Supplies,3.536
2/7/2017,Furniture,528.43
2/7/2017,Office Supplies,41.472
13/12/2018,Furniture,287.976
20/03/2016,Office Supplies,29.304
1/3/2016,Office Supplies,55.328
1/3/2016,Furniture,1227.9984
15/09/2017,Office Supplies,20.416
15/09/2017,Furniture,1128.39
17/03/2018,Office Supplies,4.608
28/05/2018,Technology,195.96
28/05/2018,Office Supplies,15.552
28/05/2018,Technology,271.968
15/06/2018,Furniture,698.352
15/06/2018,Furniture,77.728
6/9/2016,Office Supplies,46.62
18/03/2018,Technology,537.544
19/12/2015,Office Supplies,14.62
19/12/2015,Office Supplies,22.55
19/12/2015,Technology,583.8
19/12/2015,Technology,211.168
7/7/2017,Office Supplies,12.96
7/7/2017,Office Supplies,45.98
6/4/2017,Technology,1294.75
8/5/2015,Technology,1799.97
23/11/2018,Office Supplies,10.688
10/11/2017,Technology,221.98
10/11/2017,Furniture,341.96
31/12/2015,Technology,34.77
31/12/2015,Office Supplies,18.9
19/08/2018,Office Supplies,102.72
12/9/2017,Furniture,40.48
26/10/2018,Office Supplies,33.282
26/10/2018,Technology,118.65
26/10/2018,Office Supplies,14.76
30/05/2018,Office Supplies,37.52
8/3/2017,Office Supplies,207.144
8/3/2017,Office Supplies,13.9
26/07/2016,Furniture,266.352
23/11/2016,Technology,307.98
23/11/2016,Office Supplies,44.1
23/11/2016,Office Supplies,13.12
23/11/2016,Office Supplies,16.56
23/11/2016,Office Supplies,38.88
28/11/2016,Office Supplies,335.52
3/11/2018,Technology,959.984
3/11/2018,Office Supplies,4.086
3/11/2018,Office Supplies,55.984
3/11/2018,Office Supplies,10.688
21/03/2018,Office Supplies,8.856
19/12/2016,Office Supplies,6.912
2/4/2015,Office Supplies,26.72
2/4/2015,Office Supplies,33.488
5/6/2016,Office Supplies,10.56
6/10/2015,Office Supplies,386.34
21/08/2017,Office Supplies,33.44
15/11/2016,Furniture,39.96
22/06/2016,Office Supplies,1217.568
24/09/2018,Office Supplies,15.51
24/09/2018,Technology,89.9
24/09/2018,Office Supplies,14.28
24/09/2018,Office Supplies,12.72
24/09/2018,Office Supplies,15.75
6/4/2015,Office Supplies,70.95
6/4/2015,Office Supplies,65.568
6/4/2015,Technology,299.97
9/2/2017,Technology,89.97
9/2/2017,Technology,31.86
18/11/2015,Office Supplies,67.15
18/12/2018,Office Supplies,7.236
18/12/2018,Office Supplies,4.824
18/12/2018,Office Supplies,91.36
18/12/2018,Office Supplies,130.112
2/7/2016,Technology,74.24
2/7/2016,Furniture,159.84
2/7/2016,Office Supplies,2.892
2/7/2016,Office Supplies,9.392
8/10/2015,Office Supplies,123.92
22/09/2016,Office Supplies,55.6
22/09/2016,Technology,617.976
24/12/2018,Office Supplies,21.312
13/10/2018,Technology,209.94
13/10/2018,Technology,31.984
13/10/2018,Office Supplies,5083.96
20/08/2018,Technology,35.96
11/9/2016,Office Supplies,31.05
11/9/2016,Furniture,8.92
11/9/2016,Office Supplies,209.6
11/9/2016,Office Supplies,111.04
11/9/2016,Office Supplies,38.88
20/12/2016,Office Supplies,36.27
20/09/2015,Furniture,493.43
20/09/2015,Technology,11.12
4/11/2017,Technology,686.4
1/12/2018,Office Supplies,15.92
1/12/2018,Furniture,70.68
1/12/2018,Office Supplies,541.24
10/10/2015,Technology,101.994
10/10/2015,Office Supplies,18.264
14/11/2018,Office Supplies,21.99
13/08/2017,Office Supplies,185.376
13/08/2017,Office Supplies,58.924
17/09/2018,Technology,480
17/09/2018,Office Supplies,34.05
23/03/2016,Office Supplies,192.72
23/03/2016,Technology,239.97
30/06/2017,Technology,50.12
20/10/2018,Technology,15.984
20/10/2018,Office Supplies,14.352
25/08/2015,Office Supplies,6.528
25/08/2015,Office Supplies,2.862
25/08/2015,Office Supplies,20.856
27/07/2015,Office Supplies,276.28
1/12/2018,Furniture,629.64
17/10/2017,Technology,449.97
17/10/2017,Office Supplies,1927.59
16/09/2017,Furniture,121.78
1/12/2016,Furniture,2676.672
5/8/2015,Furniture,489.23
15/08/2017,Furniture,312.03
15/08/2017,Office Supplies,17.94
15/08/2017,Technology,165.6
15/08/2017,Office Supplies,37.52
7/8/2016,Technology,494.97
7/8/2016,Office Supplies,25.06
31/05/2017,Furniture,32.064
31/05/2017,Office Supplies,18.496
31/05/2017,Furniture,191.079
31/05/2017,Office Supplies,10.368
1/7/2017,Office Supplies,30.53
1/7/2017,Technology,30.84
1/7/2017,Office Supplies,75.06
18/12/2017,Technology,66.976
26/01/2016,Office Supplies,182.72
28/10/2018,Office Supplies,21.93
4/11/2018,Technology,95.976
4/11/2018,Technology,143.928
4/11/2018,Office Supplies,3.564
4/11/2018,Office Supplies,4.928
9/5/2017,Office Supplies,856.656
9/5/2017,Office Supplies,13.184
9/5/2017,Office Supplies,48.784
9/5/2017,Office Supplies,76.64
9/5/2017,Office Supplies,18.528
2/4/2015,Furniture,177.68
28/04/2015,Technology,159.98
4/10/2017,Technology,52.68
4/10/2017,Furniture,11.568
11/6/2018,Office Supplies,4.572
30/01/2017,Technology,1439.968
30/01/2017,Office Supplies,1.728
30/01/2017,Furniture,626.1
27/09/2016,Office Supplies,99.2
13/04/2016,Furniture,609.98
13/04/2016,Furniture,211.372
13/04/2016,Technology,239.976
18/12/2018,Furniture,99.95
18/12/2018,Technology,29.34
14/03/2017,Furniture,16.74
27/08/2018,Office Supplies,12.672
27/08/2018,Technology,1119.888
17/12/2016,Office Supplies,204.85
17/12/2016,Technology,135.984
17/12/2016,Office Supplies,16.4
17/12/2016,Office Supplies,92.96
22/08/2015,Office Supplies,7.632
3/11/2017,Office Supplies,4.158
3/11/2017,Technology,179.991
10/10/2018,Furniture,239.358
7/12/2015,Office Supplies,164.88
15/11/2015,Office Supplies,10.95
24/12/2018,Office Supplies,19.44
24/12/2018,Office Supplies,12.3
24/12/2015,Office Supplies,13.97
22/12/2018,Furniture,934.956
22/12/2018,Technology,46.864
22/12/2018,Office Supplies,26.16
22/12/2018,Office Supplies,23.128
22/12/2018,Office Supplies,59.24
8/8/2015,Furniture,155.456
20/09/2015,Office Supplies,8.56
25/12/2018,Furniture,21
25/12/2018,Technology,120
25/11/2018,Technology,299.96
25/11/2018,Office Supplies,67.84
25/11/2018,Furniture,853.93
25/11/2018,Office Supplies,18.688
5/11/2017,Furniture,273.96
5/11/2017,Technology,89.97
5/11/2017,Furniture,756.8
6/11/2018,Office Supplies,1.248
3/11/2017,Technology,72
3/11/2017,Furniture,470.155
30/12/2015,Office Supplies,39.128
2/12/2018,Office Supplies,19.728
2/12/2018,Technology,151.188
24/03/2018,Furniture,271.764
19/11/2015,Technology,47.496
25/04/2018,Furniture,344.981
23/11/2018,Office Supplies,36.288
23/11/2018,Office Supplies,78.304
23/11/2018,Furniture,127.785
23/11/2018,Office Supplies,6.104
3/11/2015,Office Supplies,5.76
19/10/2016,Office Supplies,1.72
6/2/2015,Office Supplies,8.952
6/3/2017,Office Supplies,2.334
6/3/2017,Office Supplies,1.728
6/3/2017,Furniture,159.04
6/3/2017,Furniture,145.98
3/12/2016,Furniture,77.952
3/12/2016,Office Supplies,95.97
3/12/2016,Technology,105.584
3/12/2016,Office Supplies,9.344
24/12/2016,Furniture,9.68
24/12/2016,Technology,4899.93
1/10/2018,Technology,104.75
16/10/2018,Technology,18.528
16/10/2018,Furniture,1875.258
15/08/2015,Office Supplies,91.36
15/08/2015,Office Supplies,152.24
11/11/2018,Technology,35.184
20/03/2018,Office Supplies,56.704
20/03/2018,Office Supplies,274.064
13/05/2018,Furniture,458.43
22/06/2015,Office Supplies,8.226
2/12/2015,Technology,5.95
2/12/2015,Office Supplies,15.24
5/4/2016,Technology,239.94
5/4/2016,Office Supplies,23.84
18/11/2018,Office Supplies,92.52
18/11/2018,Office Supplies,37.76
18/11/2018,Office Supplies,7.38
18/11/2018,Furniture,5.82
12/7/2018,Office Supplies,3.816
19/05/2018,Office Supplies,26.16
20/12/2016,Technology,100.8
21/02/2017,Furniture,135.8
18/03/2018,Office Supplies,13.9
18/03/2018,Office Supplies,19.4
17/12/2017,Office Supplies,13.488
17/12/2017,Office Supplies,11.416
26/03/2017,Office Supplies,17.64
26/03/2017,Office Supplies,17.04
16/12/2015,Technology,99.98
16/12/2015,Furniture,29.46
15/11/2016,Office Supplies,166.92
22/08/2017,Furniture,98.328
29/06/2016,Furniture,117.882
26/06/2017,Technology,20.97
26/06/2017,Technology,139.96
26/06/2017,Furniture,37.74
17/09/2017,Furniture,14.82
17/09/2017,Furniture,191.82
18/07/2015,Office Supplies,13.904
1/9/2018,Office Supplies,314.6
1/9/2018,Furniture,283.56
22/06/2018,Furniture,487.96
2/9/2015,Office Supplies,1793.98
1/10/2016,Office Supplies,2.992
1/10/2016,Technology,108.768
7/4/2016,Office Supplies,25.92
7/4/2016,Office Supplies,22.58
21/11/2018,Technology,55.176
17/12/2017,Office Supplies,9892.74
19/09/2015,Furniture,73.915
28/09/2015,Furniture,337.088
22/09/2016,Office Supplies,61.44
7/11/2017,Technology,479.97
16/12/2018,Office Supplies,5.984
16/12/2018,Technology,189.95
16/12/2018,Technology,149.95
16/12/2018,Office Supplies,29.95
16/12/2018,Office Supplies,44.4
21/09/2015,Office Supplies,66.03
18/05/2016,Office Supplies,10.86
26/03/2015,Office Supplies,3.36
26/03/2015,Office Supplies,27.936
26/03/2015,Technology,28.784
22/09/2018,Office Supplies,21.96
12/9/2016,Technology,21.98
2/11/2016,Furniture,2621.322
20/10/2016,Furniture,74.76
20/10/2016,Furniture,364.776
14/06/2017,Furniture,1115.17
20/11/2016,Office Supplies,89.696
20/11/2016,Office Supplies,50.12
28/02/2017,Office Supplies,36.48
14/10/2015,Office Supplies,322.192
14/10/2015,Office Supplies,2.946
14/10/2015,Office Supplies,19.136
26/05/2018,Technology,23.08
4/2/2017,Technology,90.48
2/9/2017,Furniture,215.976
2/9/2017,Office Supplies,65.94
4/12/2018,Furniture,11.352
12/6/2016,Office Supplies,24.56
4/9/2017,Office Supplies,16.56
4/9/2017,Technology,279.95
21/04/2015,Office Supplies,828.84
5/11/2016,Office Supplies,7.218
5/11/2016,Office Supplies,27.2
3/11/2015,Technology,89.97
16/02/2017,Furniture,318.08
16/02/2017,Office Supplies,5.8
11/9/2018,Technology,143.952
11/9/2018,Office Supplies,19.44
2/11/2018,Office Supplies,5.56
6/2/2016,Office Supplies,146.73
6/2/2016,Office Supplies,29.9
10/9/2017,Office Supplies,276.784
26/09/2017,Office Supplies,93.032
26/09/2017,Furniture,454.965
15/12/2016,Technology,246.168
17/09/2017,Office Supplies,295.4
13/10/2018,Office Supplies,348.56
28/06/2016,Office Supplies,15.552
28/06/2016,Furniture,482.94
1/6/2016,Technology,299.98
1/6/2016,Office Supplies,403.68
1/6/2016,Technology,41.9
1/6/2016,Office Supplies,28.91
12/4/2015,Office Supplies,32.4
12/10/2018,Technology,369.544
12/10/2018,Office Supplies,10.368
12/10/2018,Technology,791.88
7/11/2016,Office Supplies,23.64
7/11/2016,Office Supplies,84.784
7/11/2016,Furniture,64.96
7/11/2016,Office Supplies,32.06
7/11/2016,Office Supplies,177.648
7/11/2016,Technology,287.91
25/05/2016,Office Supplies,22.368
25/05/2016,Office Supplies,32.368
25/05/2016,Technology,207.984
13/10/2015,Office Supplies,36.4
13/10/2015,Technology,22.96
13/10/2015,Office Supplies,315.2
13/10/2015,Office Supplies,15.18
7/2/2017,Technology,623.96
19/01/2018,Technology,429.6
19/01/2018,Furniture,31.968
19/01/2018,Furniture,887.271
19/01/2018,Office Supplies,21.696
6/6/2017,Office Supplies,22.05
6/6/2017,Office Supplies,99.9
18/03/2018,Office Supplies,90.86
24/11/2018,Office Supplies,7.78
26/11/2017,Office Supplies,78.759
18/08/2017,Furniture,9.552
18/08/2017,Furniture,5.344
28/11/2016,Office Supplies,8.28
25/05/2018,Office Supplies,50.136
4/9/2018,Office Supplies,88.074
24/03/2017,Furniture,301.47
24/03/2017,Office Supplies,18.656
28/05/2018,Furniture,27.46
28/05/2018,Office Supplies,125.13
31/08/2016,Technology,555.96
12/4/2017,Office Supplies,129.552
12/4/2017,Office Supplies,51.984
12/4/2017,Office Supplies,10.272
2/2/2015,Office Supplies,18.336
2/2/2015,Technology,180.96
2/9/2015,Technology,475.944
30/09/2018,Technology,159.98
5/9/2017,Technology,43.6
20/05/2018,Office Supplies,8.288
20/05/2018,Technology,1123.128
20/05/2018,Office Supplies,64.9
20/09/2016,Office Supplies,2.808
23/01/2017,Technology,99.98
23/01/2017,Office Supplies,8.04
23/01/2017,Office Supplies,1564.29
1/6/2015,Office Supplies,138.56
1/6/2015,Office Supplies,65.52
24/09/2016,Office Supplies,14.576
24/09/2016,Technology,23.2
24/09/2016,Office Supplies,16.464
1/8/2017,Furniture,19.312
23/01/2015,Office Supplies,40.08
4/8/2015,Office Supplies,101.96
4/8/2015,Office Supplies,259.74
4/8/2015,Technology,255.42
9/8/2017,Office Supplies,4.338
9/8/2017,Office Supplies,11.88
8/12/2017,Furniture,405.86
8/12/2017,Furniture,680.01
8/6/2016,Technology,2.376
8/6/2016,Office Supplies,143.128
24/06/2017,Technology,4476.8
24/06/2017,Office Supplies,104.85
24/06/2017,Office Supplies,241.44
15/03/2017,Office Supplies,319.76
15/03/2017,Office Supplies,45.68
1/12/2017,Furniture,31.96
1/12/2017,Office Supplies,47.9
1/12/2017,Office Supplies,1112.94
1/12/2017,Office Supplies,22.92
12/6/2018,Technology,71.976
12/6/2018,Office Supplies,19.44
19/03/2017,Office Supplies,31.086
14/11/2017,Technology,13.98
14/11/2017,Office Supplies,23.65
7/8/2018,Technology,707.88
7/8/2018,Office Supplies,11.952
7/8/2018,Office Supplies,31.128
7/8/2018,Technology,55.76
7/8/2018,Office Supplies,24.56
7/8/2018,Furniture,51.75
7/8/2018,Furniture,207.184
7/8/2018,Office Supplies,1473.1
21/08/2016,Office Supplies,3.488
21/08/2016,Technology,21.728
21/08/2016,Office Supplies,663.072
21/08/2016,Office Supplies,99.588
21/08/2016,Office Supplies,49.568
2/11/2016,Office Supplies,29.372
2/11/2016,Technology,344.704
30/11/2015,Office Supplies,47.992
30/11/2015,Technology,102.24
10/5/2015,Office Supplies,39.96
10/5/2015,Technology,1432
10/5/2015,Office Supplies,41.04
10/5/2015,Furniture,256.784
17/10/2017,Furniture,120.98
17/10/2017,Office Supplies,315.98
30/10/2017,Office Supplies,28.752
30/10/2017,Office Supplies,114.95
1/12/2017,Office Supplies,23.04
21/04/2017,Office Supplies,15.48
21/04/2017,Office Supplies,51.84
3/8/2018,Technology,39.816
3/8/2018,Office Supplies,16.06
11/12/2018,Office Supplies,7.28
11/12/2018,Office Supplies,5.4
14/03/2016,Office Supplies,19.44
8/12/2015,Furniture,39.88
8/12/2015,Furniture,79.44
30/09/2018,Office Supplies,20.664
21/11/2017,Office Supplies,32.4
24/11/2018,Office Supplies,13.762
14/11/2018,Office Supplies,15.28
16/08/2016,Office Supplies,44.688
16/08/2016,Furniture,301.47
13/10/2018,Office Supplies,11.07
13/10/2018,Furniture,1504.52
13/10/2018,Office Supplies,25.92
4/11/2018,Office Supplies,7.536
4/11/2018,Office Supplies,1.408
4/11/2018,Office Supplies,4.144
4/11/2018,Office Supplies,52.752
19/03/2018,Office Supplies,381.36
3/11/2015,Office Supplies,6.72
23/07/2018,Office Supplies,15.192
23/07/2018,Office Supplies,58.32
27/12/2015,Office Supplies,946.764
2/9/2017,Furniture,94.68
2/9/2017,Office Supplies,23.67
2/9/2017,Technology,1091.168
2/9/2017,Office Supplies,18.69
2/9/2017,Furniture,568.728
2/9/2017,Office Supplies,7.312
11/2/2018,Furniture,147.568
27/10/2018,Office Supplies,56.784
27/10/2018,Office Supplies,5.607
27/10/2018,Office Supplies,6.576
9/7/2015,Office Supplies,14.304
9/7/2015,Furniture,119.833
9/7/2015,Office Supplies,5.56
9/7/2015,Office Supplies,32.4
22/05/2018,Office Supplies,9.84
22/05/2018,Office Supplies,2.78
10/11/2017,Office Supplies,3.64
10/11/2017,Technology,881.93
2/12/2017,Office Supplies,115.84
2/3/2018,Office Supplies,107.648
23/09/2018,Technology,199.95
23/09/2018,Office Supplies,12.96
11/2/2015,Furniture,60.89
11/2/2015,Office Supplies,14.94
11/2/2015,Office Supplies,9.64
11/2/2015,Furniture,332.94
11/2/2015,Office Supplies,51.9
11/2/2015,Office Supplies,64.96
11/11/2018,Office Supplies,25.5
2/9/2018,Furniture,215.976
9/10/2016,Furniture,389.97
9/10/2016,Office Supplies,269.91
24/11/2018,Office Supplies,11.673
24/11/2018,Office Supplies,64.848
8/2/2015,Furniture,14.56
25/09/2016,Furniture,102.582
25/09/2016,Office Supplies,20.04
21/08/2018,Office Supplies,32.088
21/08/2018,Office Supplies,4305.552
12/5/2017,Furniture,10.02
12/5/2017,Technology,631.96
2/9/2018,Office Supplies,1577.94
10/10/2015,Office Supplies,255.85
26/05/2017,Office Supplies,184.704
26/05/2017,Technology,47.92
1/12/2018,Office Supplies,15.936
1/12/2018,Office Supplies,8.001
1/12/2018,Furniture,398.972
20/09/2017,Furniture,163.88
11/9/2018,Office Supplies,67.9
30/12/2017,Office Supplies,72.224
2/9/2018,Office Supplies,11.696
18/11/2015,Furniture,392.94
21/11/2016,Furniture,18.176
19/06/2018,Office Supplies,6.888
19/06/2018,Furniture,457.485
30/11/2018,Furniture,1079.316
23/04/2015,Office Supplies,48.91
23/09/2015,Office Supplies,9.84
23/09/2015,Office Supplies,34.5
2/3/2018,Office Supplies,0.556
17/11/2018,Office Supplies,43.8
28/05/2018,Office Supplies,13.872
28/05/2018,Furniture,115.96
18/04/2016,Technology,41.424
18/04/2016,Technology,244.768
18/04/2016,Office Supplies,74.352
18/04/2016,Office Supplies,4.312
18/04/2016,Furniture,56.686
18/04/2016,Technology,97.968
18/04/2016,Office Supplies,7.872
18/04/2016,Office Supplies,15.552
18/04/2016,Office Supplies,1.476
19/09/2016,Office Supplies,8.4
25/03/2015,Office Supplies,6.56
25/03/2015,Office Supplies,14.88
25/03/2015,Technology,45.48
25/03/2015,Office Supplies,25.44
26/08/2017,Office Supplies,146.688
6/3/2018,Office Supplies,4.928
6/3/2018,Office Supplies,63.488
11/11/2016,Office Supplies,418.32
11/11/2016,Office Supplies,123.858
5/4/2017,Technology,118.782
5/4/2017,Office Supplies,769.184
21/02/2018,Technology,47.904
20/07/2018,Office Supplies,13.36
20/07/2018,Furniture,163.764
20/07/2018,Furniture,183.92
4/11/2017,Furniture,11.376
4/11/2017,Furniture,66.112
23/09/2018,Office Supplies,211.04
23/09/2018,Furniture,594.816
23/09/2018,Office Supplies,72.96
7/9/2018,Furniture,80.96
7/9/2018,Technology,455.712
7/9/2018,Office Supplies,25.98
28/11/2016,Office Supplies,45.28
12/11/2016,Office Supplies,15.56
29/09/2017,Technology,859.2
11/9/2018,Office Supplies,195.68
11/9/2018,Office Supplies,14.2
1/5/2018,Furniture,314.352
1/5/2018,Office Supplies,4.608
16/09/2018,Office Supplies,17.9
19/10/2015,Office Supplies,2.992
19/10/2015,Office Supplies,20.064
19/10/2015,Office Supplies,146.73
19/10/2015,Office Supplies,18.75
19/10/2015,Technology,117.576
13/03/2017,Office Supplies,51.184
17/02/2018,Furniture,455.97
17/02/2018,Office Supplies,5.715
17/02/2018,Technology,57.594
17/02/2018,Furniture,30.144
17/02/2018,Furniture,899.43
22/12/2017,Furniture,842.72
22/12/2017,Furniture,41.96
23/09/2017,Office Supplies,13.216
23/09/2017,Furniture,184.752
24/09/2018,Furniture,520.464
24/09/2018,Office Supplies,11.424
1/12/2016,Office Supplies,19.44
1/12/2016,Office Supplies,3.64
1/12/2016,Office Supplies,18.54
25/01/2017,Office Supplies,43.12
25/01/2017,Furniture,313.722
25/01/2017,Furniture,45.98
25/01/2017,Office Supplies,428.68
21/03/2018,Office Supplies,30.576
21/03/2018,Office Supplies,13.02
21/03/2018,Furniture,22.14
21/03/2018,Office Supplies,359.32
22/08/2015,Office Supplies,11.56
8/6/2015,Office Supplies,68.48
8/6/2015,Office Supplies,1676.88
7/4/2017,Office Supplies,37.94
7/11/2018,Furniture,272.97
29/05/2016,Furniture,41.568
29/05/2016,Furniture,317.058
29/05/2016,Office Supplies,8.04
7/5/2018,Technology,419.944
5/6/2017,Office Supplies,61.38
14/12/2016,Technology,50
25/12/2018,Technology,31.8
17/12/2018,Office Supplies,32.56
10/5/2017,Office Supplies,7.072
23/12/2015,Office Supplies,45.528
23/12/2015,Furniture,64.784
23/12/2015,Office Supplies,424.272
23/12/2015,Office Supplies,1.344
23/12/2015,Office Supplies,83.92
11/8/2018,Office Supplies,25.92
27/08/2018,Furniture,120.576
19/01/2018,Office Supplies,79.92
19/01/2018,Office Supplies,12.28
19/01/2018,Office Supplies,542.94
19/01/2018,Office Supplies,2.04
19/06/2016,Office Supplies,228.92
13/03/2018,Technology,7.992
25/10/2016,Furniture,582.336
20/09/2015,Technology,629.95
20/09/2015,Furniture,631.782
20/09/2015,Furniture,801.568
20/09/2015,Office Supplies,75.18
20/09/2015,Office Supplies,30.98
20/09/2015,Technology,1349.91
11/11/2017,Office Supplies,14.112
16/09/2016,Office Supplies,31.12
24/06/2015,Furniture,4.272
12/8/2017,Furniture,209.148
12/8/2017,Office Supplies,1591.02
13/04/2018,Office Supplies,7.92
14/03/2015,Technology,574.91
14/03/2015,Office Supplies,8.448
22/09/2018,Technology,1071
22/09/2018,Furniture,12.07
10/12/2018,Office Supplies,3.273
10/12/2018,Furniture,87.92
10/3/2017,Office Supplies,104.696
27/01/2016,Furniture,2803.92
26/09/2017,Office Supplies,6.816
18/10/2016,Technology,249.584
18/10/2016,Office Supplies,17.94
18/10/2016,Furniture,10.11
27/10/2015,Office Supplies,10.368
27/10/2015,Office Supplies,11.952
2/10/2018,Office Supplies,15.224
2/10/2018,Office Supplies,21.984
23/07/2015,Technology,604.752
23/07/2015,Office Supplies,40.7
23/07/2015,Technology,302.376
23/07/2015,Technology,45
12/9/2015,Furniture,3785.292
15/09/2017,Office Supplies,35.4
27/11/2015,Furniture,199.9
11/5/2015,Furniture,1212.96
28/08/2016,Technology,1099.96
28/08/2016,Furniture,103.481
19/06/2016,Office Supplies,5.904
17/08/2016,Technology,30.08
17/08/2016,Office Supplies,36.288
17/08/2016,Office Supplies,10.272
17/08/2016,Technology,252.8
25/09/2016,Office Supplies,2.946
26/05/2018,Office Supplies,12.96
31/07/2018,Technology,285.576
12/10/2015,Office Supplies,22.24
25/05/2015,Office Supplies,14.62
29/12/2015,Office Supplies,48.36
7/4/2018,Office Supplies,16.256
7/4/2018,Technology,219.184
1/3/2016,Technology,95.84
29/05/2016,Office Supplies,12.39
22/09/2017,Office Supplies,35.88
27/05/2018,Furniture,477.3
17/09/2017,Office Supplies,12.32
8/9/2015,Office Supplies,8.608
3/6/2018,Office Supplies,136.26
28/09/2016,Office Supplies,186.15
28/09/2016,Office Supplies,81.792
28/09/2016,Office Supplies,47.19
28/09/2016,Technology,36.784
16/06/2017,Technology,91.475
27/05/2018,Technology,27.192
27/05/2018,Office Supplies,12.06
9/10/2015,Office Supplies,144.6
9/10/2015,Technology,15.992
17/11/2015,Office Supplies,34.44
19/10/2015,Technology,321.552
25/11/2018,Furniture,701.96
27/02/2015,Office Supplies,19.456
21/12/2015,Office Supplies,17.28
19/11/2017,Furniture,31.96
5/11/2018,Office Supplies,164.688
5/11/2018,Furniture,166.5
5/11/2018,Office Supplies,12.96
5/11/2018,Office Supplies,110.96
5/11/2018,Technology,99.98
5/11/2018,Office Supplies,11.424
5/11/2018,Furniture,128.124
5/11/2018,Furniture,101.4
31/05/2016,Office Supplies,5.904
31/05/2016,Office Supplies,173.488
31/05/2016,Furniture,51.56
31/05/2016,Office Supplies,3.564
7/9/2015,Office Supplies,13.16
7/9/2015,Office Supplies,3.828
7/9/2015,Office Supplies,304.99
6/11/2018,Office Supplies,18.16
20/06/2016,Technology,319.984
22/07/2015,Office Supplies,19.68
2/12/2017,Furniture,781.864
2/12/2017,Office Supplies,30.816
12/10/2018,Furniture,673.344
11/12/2018,Office Supplies,6.54
1/10/2016,Technology,572.8
5/8/2017,Office Supplies,197.05
3/1/2018,Office Supplies,2022.272
3/1/2018,Office Supplies,9.12
7/11/2018,Office Supplies,38.16
3/1/2017,Furniture,1592.85
3/1/2017,Office Supplies,11.88
12/5/2017,Technology,120
12/5/2017,Office Supplies,8.67
5/11/2018,Office Supplies,4.41
5/11/2018,Office Supplies,167.94
5/11/2018,Office Supplies,67.8
26/05/2017,Furniture,26.94
20/11/2016,Furniture,32.04
22/04/2017,Office Supplies,32.13
22/04/2017,Office Supplies,2.88
14/10/2017,Technology,1091.93
14/10/2017,Office Supplies,111.96
5/4/2015,Office Supplies,26.7
5/4/2015,Office Supplies,40.2
5/4/2015,Office Supplies,13.89
5/4/2015,Office Supplies,689.82
6/8/2017,Office Supplies,38.34
14/12/2015,Office Supplies,9.264
30/05/2018,Furniture,204.6664
14/10/2017,Technology,1649.75
14/03/2015,Office Supplies,91.056
17/02/2015,Office Supplies,54.208
24/08/2016,Technology,26.982
24/08/2016,Office Supplies,6.912
24/08/2016,Office Supplies,435.504
8/5/2018,Office Supplies,81.08
4/2/2017,Office Supplies,93.02
19/12/2015,Technology,323.976
19/12/2015,Office Supplies,15.552
19/12/2015,Office Supplies,32.592
5/12/2018,Office Supplies,83.92
5/12/2018,Furniture,199.9
5/12/2018,Technology,31.176
5/12/2018,Office Supplies,172.752
5/12/2018,Office Supplies,9.296
24/03/2018,Office Supplies,12.768
8/7/2018,Office Supplies,52.76
26/10/2018,Office Supplies,55.616
27/10/2017,Furniture,427.644
27/10/2017,Office Supplies,40.67
27/10/2017,Office Supplies,33.48
27/10/2017,Office Supplies,9.728
12/6/2018,Furniture,8.856
25/09/2017,Furniture,477.666
7/9/2018,Office Supplies,16.9
7/9/2018,Office Supplies,39.96
11/5/2016,Furniture,191.968
6/8/2016,Office Supplies,35.52
6/8/2016,Office Supplies,6.23
6/8/2016,Office Supplies,56.704
6/8/2016,Furniture,369.1992
29/10/2015,Technology,1.98
29/10/2015,Office Supplies,75.88
18/06/2017,Office Supplies,6.848
18/06/2017,Office Supplies,4.626
18/06/2017,Office Supplies,453.6
3/5/2016,Office Supplies,13.848
10/11/2016,Office Supplies,577.584
30/05/2016,Technology,151.96
22/09/2017,Furniture,68.432
28/11/2016,Furniture,71.12
28/11/2016,Office Supplies,3.008
3/12/2016,Office Supplies,184.66
17/10/2015,Furniture,5.312
3/5/2017,Technology,132.52
3/5/2017,Office Supplies,195.64
3/5/2017,Furniture,51.968
3/5/2017,Technology,431.976
3/5/2017,Technology,224.937
3/5/2017,Office Supplies,6
1/6/2016,Office Supplies,11.76
31/03/2015,Furniture,1125.488
31/03/2015,Office Supplies,12.645
31/03/2015,Office Supplies,4.032
5/7/2018,Technology,79.96
24/09/2016,Office Supplies,6.732
24/09/2016,Office Supplies,33.568
24/09/2016,Office Supplies,15.84
24/09/2016,Office Supplies,24.424
24/09/2016,Office Supplies,17.12
13/08/2016,Furniture,31.56
26/05/2016,Furniture,105.686
26/05/2016,Technology,399.54
26/05/2016,Furniture,104.93
14/09/2018,Technology,1079.85
14/09/2018,Office Supplies,70.98
14/09/2018,Office Supplies,29.95
14/09/2018,Furniture,589.41
7/6/2017,Office Supplies,9.648
25/06/2018,Furniture,400.784
26/08/2018,Office Supplies,53.72
26/08/2017,Office Supplies,31.008
18/11/2017,Office Supplies,61.12
17/04/2018,Office Supplies,195.136
23/07/2018,Office Supplies,121.536
11/5/2015,Office Supplies,17.472
11/5/2015,Office Supplies,104.58
28/07/2017,Furniture,24.7
28/07/2017,Furniture,302.72
14/09/2018,Office Supplies,8.56
14/09/2018,Office Supplies,11.56
24/01/2018,Office Supplies,25.86
24/01/2018,Office Supplies,276.784
24/01/2018,Technology,110.352
19/09/2016,Furniture,60.84
14/04/2016,Office Supplies,35.208
8/5/2018,Office Supplies,41.472
4/9/2017,Office Supplies,239.5
19/05/2015,Office Supplies,34.2
17/06/2017,Furniture,376.866
2/11/2016,Office Supplies,197.72
4/11/2018,Technology,70.72
4/11/2018,Office Supplies,194.352
5/12/2018,Office Supplies,21.6
5/12/2018,Office Supplies,11.07
16/05/2017,Furniture,282.84
16/05/2017,Office Supplies,27.72
24/10/2018,Office Supplies,11.68
18/09/2017,Technology,239.984
11/11/2015,Office Supplies,22.98
11/11/2015,Technology,102.13
11/11/2015,Office Supplies,2033.584
22/08/2017,Office Supplies,5.76
16/11/2018,Technology,899.982
16/11/2018,Office Supplies,86.352
16/11/2018,Technology,139.96
26/09/2015,Office Supplies,16.704
26/09/2015,Technology,3.152
26/09/2015,Office Supplies,32.896
29/06/2018,Office Supplies,21.392
29/06/2018,Furniture,307.314
29/06/2018,Furniture,409.9992
23/09/2018,Office Supplies,9.248
23/11/2015,Office Supplies,14.67
13/01/2015,Office Supplies,37.408
13/01/2015,Office Supplies,3.438
31/05/2017,Office Supplies,7.152
31/05/2017,Technology,179.7
13/02/2018,Office Supplies,90.64
14/10/2015,Technology,177
14/10/2015,Office Supplies,79.45
14/10/2015,Furniture,1628.82
18/11/2015,Furniture,137.54
18/11/2015,Furniture,730.2
12/11/2018,Office Supplies,11.56
28/01/2016,Furniture,4297.644
7/3/2015,Office Supplies,20.65
7/3/2015,Office Supplies,204.9
7/3/2015,Furniture,436.704
7/3/2015,Furniture,481.568
8/6/2018,Technology,89.544
8/6/2018,Office Supplies,35.168
8/6/2018,Office Supplies,72.588
19/11/2015,Office Supplies,221.16
19/11/2015,Technology,281.97
26/11/2017,Furniture,3406.664
26/11/2017,Office Supplies,37.17
26/11/2017,Office Supplies,64.96
26/11/2017,Furniture,595.38
23/01/2018,Technology,95.984
23/01/2018,Office Supplies,4.938
22/09/2015,Furniture,97.44
22/09/2015,Office Supplies,3.984
22/09/2015,Office Supplies,13.04
22/09/2015,Furniture,579.528
26/03/2015,Office Supplies,18.75
6/6/2017,Technology,3023.928
6/6/2017,Technology,26.96
6/6/2017,Technology,477.6
31/08/2018,Office Supplies,193.95
7/12/2016,Office Supplies,12.96
16/11/2018,Furniture,119.94
16/11/2018,Furniture,12.42
23/04/2017,Office Supplies,18.088
23/04/2017,Office Supplies,71.97
2/4/2018,Office Supplies,14.94
13/08/2016,Office Supplies,64.68
13/11/2018,Technology,22
23/12/2017,Office Supplies,7.968
23/12/2017,Technology,1499.97
22/07/2015,Office Supplies,26.632
6/5/2017,Furniture,41.6
28/11/2015,Office Supplies,64.02
18/04/2017,Office Supplies,6.99
18/04/2017,Office Supplies,6.84
27/12/2016,Office Supplies,323.1
27/12/2016,Technology,668.16
13/12/2018,Office Supplies,8.64
13/12/2018,Office Supplies,38.88
13/12/2018,Furniture,201.04
13/12/2018,Office Supplies,12.96
2/1/2018,Technology,16.59
30/05/2018,Office Supplies,35.1
30/09/2018,Office Supplies,11.646
20/06/2018,Office Supplies,32.4
20/06/2018,Technology,503.96
4/4/2018,Office Supplies,7.04
13/11/2016,Furniture,613.9992
28/08/2016,Office Supplies,470.36
24/09/2018,Office Supplies,31.08
24/09/2018,Office Supplies,7.3
11/12/2017,Office Supplies,73.536
10/6/2015,Office Supplies,491.55
11/3/2017,Furniture,30.336
15/12/2018,Office Supplies,22.83
15/12/2018,Office Supplies,54.32
15/12/2018,Technology,196.776
30/10/2017,Office Supplies,3.62
31/07/2018,Office Supplies,11.54
31/07/2018,Office Supplies,849.95
31/07/2018,Office Supplies,11.01
19/10/2018,Office Supplies,39.624
21/10/2017,Furniture,242.136
21/10/2017,Office Supplies,12.39
21/10/2017,Furniture,19.96
21/10/2017,Office Supplies,340.92
5/11/2015,Furniture,273.568
5/11/2015,Office Supplies,13.194
5/11/2015,Office Supplies,1080.096
5/11/2015,Technology,51.56
5/11/2015,Technology,58.416
7/11/2017,Office Supplies,57.584
12/8/2017,Office Supplies,37.312
30/05/2017,Technology,79.96
30/05/2017,Technology,223.96
12/11/2018,Office Supplies,221.024
22/09/2017,Furniture,18.96
16/02/2017,Furniture,326.646
16/02/2017,Technology,89.97
22/12/2015,Office Supplies,296.712
5/12/2016,Office Supplies,12.224
17/09/2018,Technology,89.97
2/12/2018,Office Supplies,286.86
2/12/2018,Technology,979.95
2/12/2018,Office Supplies,4.36
29/09/2015,Office Supplies,10.048
29/09/2015,Office Supplies,807.75
14/11/2018,Office Supplies,34.24
20/08/2015,Furniture,500.24
20/08/2015,Office Supplies,20.12
20/08/2015,Office Supplies,896.99
19/11/2015,Office Supplies,5.88
29/06/2016,Technology,269.98
16/03/2018,Office Supplies,310.12
16/03/2018,Office Supplies,70.464
16/03/2018,Office Supplies,19.68
16/03/2018,Office Supplies,140.67
8/11/2016,Furniture,4404.9
28/11/2018,Office Supplies,62.65
16/06/2017,Office Supplies,9.45
21/01/2018,Office Supplies,268.576
24/11/2018,Furniture,364.08
24/11/2018,Furniture,71.088
11/11/2015,Furniture,10.984
11/11/2015,Furniture,797.944
4/3/2017,Technology,159.98
11/10/2017,Office Supplies,5.344
11/10/2017,Office Supplies,27.72
1/7/2017,Office Supplies,2.496
27/03/2018,Office Supplies,8.26
27/03/2018,Office Supplies,17.76
27/03/2018,Office Supplies,332.94
27/03/2018,Furniture,292.1
27/03/2018,Technology,206.1
27/03/2018,Office Supplies,17.64
31/10/2017,Furniture,1403.92
4/11/2018,Office Supplies,4.3
14/02/2015,Technology,239.97
14/02/2015,Office Supplies,81.96
14/02/2015,Office Supplies,238.62
18/06/2015,Technology,139.8
28/02/2018,Office Supplies,9.84
28/02/2018,Office Supplies,7.78
9/12/2018,Office Supplies,54.9
7/12/2018,Office Supplies,50.04
24/11/2017,Furniture,339.92
24/11/2017,Office Supplies,10.528
24/11/2017,Office Supplies,42.384
3/7/2017,Office Supplies,123.92
26/06/2017,Technology,135.95
26/07/2015,Office Supplies,2177.584
26/07/2015,Furniture,17.496
26/07/2015,Office Supplies,16.784
26/07/2015,Technology,431.136
26/07/2015,Office Supplies,8.88
26/07/2015,Office Supplies,4.836
14/09/2017,Technology,437.85
14/09/2017,Office Supplies,673.568
31/05/2016,Office Supplies,274.8
31/05/2016,Office Supplies,62.18
31/05/2016,Furniture,8.28
9/5/2016,Office Supplies,48.81
5/11/2015,Furniture,149.9
27/03/2018,Furniture,1023.332
27/03/2018,Furniture,600.558
27/03/2018,Technology,39.992
27/03/2018,Furniture,211.246
21/05/2015,Office Supplies,56.064
21/05/2015,Furniture,107.772
21/05/2015,Office Supplies,4.832
21/05/2015,Office Supplies,18.24
21/05/2017,Office Supplies,3.798
12/1/2016,Office Supplies,10.368
12/1/2016,Technology,235.188
12/1/2016,Technology,26.376
12/1/2016,Technology,10.384
